"","Date","","Visitor/Neutral","PTS","Home/Neutral","PTS","","Notes"
"1","Sun, Dec 25, 2011","Box Score","Miami Heat","105","Dallas Mavericks","94","",""
"2","Sun, Dec 25, 2011","Box Score","Los Angeles Clippers","105","Golden State Warriors","86","",""
"3","Sun, Dec 25, 2011","Box Score","Chicago Bulls","88","Los Angeles Lakers","87","",""
"4","Sun, Dec 25, 2011","Box Score","Boston Celtics","104","New York Knicks","106","",""
"5","Sun, Dec 25, 2011","Box Score","Orlando Magic","89","Oklahoma City Thunder","97","",""
"6","Mon, Dec 26, 2011","Box Score","Milwaukee Bucks","95","Charlotte Bobcats","96","",""
"7","Mon, Dec 26, 2011","Box Score","Toronto Raptors","104","Cleveland Cavaliers","96","",""
"8","Mon, Dec 26, 2011","Box Score","Denver Nuggets","115","Dallas Mavericks","93","",""
"9","Mon, Dec 26, 2011","Box Score","Chicago Bulls","91","Golden State Warriors","99","",""
"10","Mon, Dec 26, 2011","Box Score","Detroit Pistons","79","Indiana Pacers","91","",""
"11","Mon, Dec 26, 2011","Box Score","Oklahoma City Thunder","104","Minnesota Timberwolves","100","",""
"12","Mon, Dec 26, 2011","Box Score","Houston Rockets","95","Orlando Magic","104","",""
"13","Mon, Dec 26, 2011","Box Score","New Orleans Hornets","85","Phoenix Suns","84","",""
"14","Mon, Dec 26, 2011","Box Score","Philadelphia 76ers","103","Portland Trail Blazers","107","",""
"15","Mon, Dec 26, 2011","Box Score","Los Angeles Lakers","91","Sacramento Kings","100","",""
"16","Mon, Dec 26, 2011","Box Score","Memphis Grizzlies","82","San Antonio Spurs","95","",""
"17","Mon, Dec 26, 2011","Box Score","New Jersey Nets","90","Washington Wizards","84","",""
"18","Tue, Dec 27, 2011","Box Score","Utah Jazz","71","Los Angeles Lakers","96","",""
"19","Tue, Dec 27, 2011","Box Score","Boston Celtics","107","Miami Heat","115","",""
"20","Tue, Dec 27, 2011","Box Score","Minnesota Timberwolves","95","Milwaukee Bucks","98","",""
"21","Tue, Dec 27, 2011","Box Score","Atlanta Hawks","106","New Jersey Nets","70","",""
"22","Tue, Dec 27, 2011","Box Score","Sacramento Kings","79","Portland Trail Blazers","101","",""
"23","Wed, Dec 28, 2011","Box Score","Washington Wizards","83","Atlanta Hawks","101","",""
"24","Wed, Dec 28, 2011","Box Score","Miami Heat","96","Charlotte Bobcats","95","",""
"25","Wed, Dec 28, 2011","Box Score","Utah Jazz","100","Denver Nuggets","117","",""
"26","Wed, Dec 28, 2011","Box Score","Cleveland Cavaliers","105","Detroit Pistons","89","",""
"27","Wed, Dec 28, 2011","Box Score","New York Knicks","78","Golden State Warriors","92","",""
"28","Wed, Dec 28, 2011","Box Score","Oklahoma City Thunder","98","Memphis Grizzlies","95","",""
"29","Wed, Dec 28, 2011","Box Score","Boston Celtics","78","New Orleans Hornets","97","",""
"30","Wed, Dec 28, 2011","Box Score","Philadelphia 76ers","103","Phoenix Suns","83","",""
"31","Wed, Dec 28, 2011","Box Score","Los Angeles Clippers","90","San Antonio Spurs","115","",""
"32","Wed, Dec 28, 2011","Box Score","Indiana Pacers","90","Toronto Raptors","85","",""
"33","Thu, Dec 29, 2011","Box Score","San Antonio Spurs","85","Houston Rockets","105","",""
"34","Thu, Dec 29, 2011","Box Score","New York Knicks","82","Los Angeles Lakers","99","",""
"35","Thu, Dec 29, 2011","Box Score","Dallas Mavericks","102","Oklahoma City Thunder","104","",""
"36","Thu, Dec 29, 2011","Box Score","New Jersey Nets","78","Orlando Magic","94","",""
"37","Thu, Dec 29, 2011","Box Score","Denver Nuggets","102","Portland Trail Blazers","111","",""
"38","Thu, Dec 29, 2011","Box Score","Chicago Bulls","108","Sacramento Kings","98","",""
"39","Fri, Dec 30, 2011","Box Score","New Jersey Nets","98","Atlanta Hawks","105","",""
"40","Fri, Dec 30, 2011","Box Score","Detroit Pistons","85","Boston Celtics","96","",""
"41","Fri, Dec 30, 2011","Box Score","Orlando Magic","100","Charlotte Bobcats","79","",""
"42","Fri, Dec 30, 2011","Box Score","Toronto Raptors","86","Dallas Mavericks","99","",""
"43","Fri, Dec 30, 2011","Box Score","Cleveland Cavaliers","91","Indiana Pacers","98","OT",""
"44","Fri, Dec 30, 2011","Box Score","Chicago Bulls","114","Los Angeles Clippers","101","",""
"45","Fri, Dec 30, 2011","Box Score","Houston Rockets","93","Memphis Grizzlies","113","",""
"46","Fri, Dec 30, 2011","Box Score","Washington Wizards","81","Milwaukee Bucks","102","",""
"47","Fri, Dec 30, 2011","Box Score","Miami Heat","103","Minnesota Timberwolves","101","",""
"48","Fri, Dec 30, 2011","Box Score","Phoenix Suns","93","New Orleans Hornets","78","",""
"49","Fri, Dec 30, 2011","Box Score","Philadelphia 76ers","99","Utah Jazz","102","",""
"50","Sat, Dec 31, 2011","Box Score","Indiana Pacers","88","Detroit Pistons","96","",""
"51","Sat, Dec 31, 2011","Box Score","Philadelphia 76ers","107","Golden State Warriors","79","",""
"52","Sat, Dec 31, 2011","Box Score","Atlanta Hawks","84","Houston Rockets","95","",""
"53","Sat, Dec 31, 2011","Box Score","Denver Nuggets","89","Los Angeles Lakers","92","",""
"54","Sat, Dec 31, 2011","Box Score","Phoenix Suns","97","Oklahoma City Thunder","107","",""
"55","Sat, Dec 31, 2011","Box Score","New York Knicks","114","Sacramento Kings","92","",""
"56","Sat, Dec 31, 2011","Box Score","Utah Jazz","89","San Antonio Spurs","104","",""
"57","Sun, Jan 1, 2012","Box Score","Memphis Grizzlies","64","Chicago Bulls","104","",""
"58","Sun, Jan 1, 2012","Box Score","New Jersey Nets","82","Cleveland Cavaliers","98","",""
"59","Sun, Jan 1, 2012","Box Score","Los Angeles Lakers","90","Denver Nuggets","99","",""
"60","Sun, Jan 1, 2012","Box Score","Portland Trail Blazers","88","Los Angeles Clippers","93","",""
"61","Sun, Jan 1, 2012","Box Score","Charlotte Bobcats","90","Miami Heat","129","",""
"62","Sun, Jan 1, 2012","Box Score","Dallas Mavericks","82","Minnesota Timberwolves","99","",""
"63","Sun, Jan 1, 2012","Box Score","Toronto Raptors","96","Orlando Magic","102","",""
"64","Sun, Jan 1, 2012","Box Score","New Orleans Hornets","80","Sacramento Kings","96","",""
"65","Sun, Jan 1, 2012","Box Score","Boston Celtics","94","Washington Wizards","86","",""
"66","Mon, Jan 2, 2012","Box Score","Washington Wizards","92","Boston Celtics","100","",""
"67","Mon, Jan 2, 2012","Box Score","Oklahoma City Thunder","87","Dallas Mavericks","100","",""
"68","Mon, Jan 2, 2012","Box Score","Milwaukee Bucks","86","Denver Nuggets","91","",""
"69","Mon, Jan 2, 2012","Box Score","Orlando Magic","78","Detroit Pistons","89","",""
"70","Mon, Jan 2, 2012","Box Score","Atlanta Hawks","100","Miami Heat","92","",""
"71","Mon, Jan 2, 2012","Box Score","San Antonio Spurs","96","Minnesota Timberwolves","106","",""
"72","Mon, Jan 2, 2012","Box Score","Indiana Pacers","108","New Jersey Nets","94","",""
"73","Mon, Jan 2, 2012","Box Score","Toronto Raptors","90","New York Knicks","85","",""
"74","Mon, Jan 2, 2012","Box Score","Golden State Warriors","91","Phoenix Suns","102","",""
"75","Mon, Jan 2, 2012","Box Score","New Orleans Hornets","90","Utah Jazz","94","",""
"76","Tue, Jan 3, 2012","Box Score","Atlanta Hawks","74","Chicago Bulls","76","",""
"77","Tue, Jan 3, 2012","Box Score","Charlotte Bobcats","101","Cleveland Cavaliers","115","",""
"78","Tue, Jan 3, 2012","Box Score","Houston Rockets","99","Los Angeles Lakers","108","",""
"79","Tue, Jan 3, 2012","Box Score","Sacramento Kings","96","Memphis Grizzlies","113","",""
"80","Tue, Jan 3, 2012","Box Score","Portland Trail Blazers","103","Oklahoma City Thunder","93","",""
"81","Tue, Jan 3, 2012","Box Score","Milwaukee Bucks","73","Utah Jazz","85","",""
"82","Wed, Jan 4, 2012","Box Score","New Jersey Nets","70","Boston Celtics","89","",""
"83","Wed, Jan 4, 2012","Box Score","Phoenix Suns","89","Dallas Mavericks","98","",""
"84","Wed, Jan 4, 2012","Box Score","Sacramento Kings","83","Denver Nuggets","110","",""
"85","Wed, Jan 4, 2012","Box Score","Chicago Bulls","99","Detroit Pistons","83","",""
"86","Wed, Jan 4, 2012","Box Score","Houston Rockets","89","Los Angeles Clippers","117","",""
"87","Wed, Jan 4, 2012","Box Score","Indiana Pacers","83","Miami Heat","118","",""
"88","Wed, Jan 4, 2012","Box Score","Memphis Grizzlies","90","Minnesota Timberwolves","86","",""
"89","Wed, Jan 4, 2012","Box Score","Philadelphia 76ers","101","New Orleans Hornets","93","",""
"90","Wed, Jan 4, 2012","Box Score","Charlotte Bobcats","118","New York Knicks","110","",""
"91","Wed, Jan 4, 2012","Box Score","Washington Wizards","85","Orlando Magic","103","",""
"92","Wed, Jan 4, 2012","Box Score","Golden State Warriors","95","San Antonio Spurs","101","",""
"93","Wed, Jan 4, 2012","Box Score","Cleveland Cavaliers","77","Toronto Raptors","92","",""
"94","Thu, Jan 5, 2012","Box Score","Miami Heat","116","Atlanta Hawks","109","3OT",""
"95","Thu, Jan 5, 2012","Box Score","Los Angeles Lakers","96","Portland Trail Blazers","107","",""
"96","Thu, Jan 5, 2012","Box Score","Milwaukee Bucks","100","Sacramento Kings","103","",""
"97","Thu, Jan 5, 2012","Box Score","Dallas Mavericks","71","San Antonio Spurs","93","",""
"98","Fri, Jan 6, 2012","Box Score","Indiana Pacers","87","Boston Celtics","74","",""
"99","Fri, Jan 6, 2012","Box Score","Atlanta Hawks","102","Charlotte Bobcats","96","OT",""
"100","Fri, Jan 6, 2012","Box Score","Golden State Warriors","90","Los Angeles Lakers","97","",""
"101","Fri, Jan 6, 2012","Box Score","Cleveland Cavaliers","98","Minnesota Timberwolves","87","",""
"102","Fri, Jan 6, 2012","Box Score","Denver Nuggets","96","New Orleans Hornets","88","",""
"103","Fri, Jan 6, 2012","Box Score","Houston Rockets","94","Oklahoma City Thunder","109","",""
"104","Fri, Jan 6, 2012","Box Score","Chicago Bulls","97","Orlando Magic","83","",""
"105","Fri, Jan 6, 2012","Box Score","Detroit Pistons","73","Philadelphia 76ers","96","",""
"106","Fri, Jan 6, 2012","Box Score","Portland Trail Blazers","77","Phoenix Suns","102","",""
"107","Fri, Jan 6, 2012","Box Score","New Jersey Nets","97","Toronto Raptors","85","",""
"108","Fri, Jan 6, 2012","Box Score","Memphis Grizzlies","85","Utah Jazz","94","",""
"109","Fri, Jan 6, 2012","Box Score","New York Knicks","99","Washington Wizards","96","",""
"110","Sat, Jan 7, 2012","Box Score","Chicago Bulls","94","Atlanta Hawks","109","",""
"111","Sat, Jan 7, 2012","Box Score","New Orleans Hornets","81","Dallas Mavericks","96","",""
"112","Sat, Jan 7, 2012","Box Score","New York Knicks","103","Detroit Pistons","80","",""
"113","Sat, Jan 7, 2012","Box Score","Utah Jazz","88","Golden State Warriors","87","",""
"114","Sat, Jan 7, 2012","Box Score","Oklahoma City Thunder","98","Houston Rockets","95","",""
"115","Sat, Jan 7, 2012","Box Score","Charlotte Bobcats","77","Indiana Pacers","99","",""
"116","Sat, Jan 7, 2012","Box Score","Milwaukee Bucks","86","Los Angeles Clippers","92","",""
"117","Sat, Jan 7, 2012","Box Score","Miami Heat","101","New Jersey Nets","90","",""
"118","Sat, Jan 7, 2012","Box Score","Toronto Raptors","62","Philadelphia 76ers","97","",""
"119","Sat, Jan 7, 2012","Box Score","Denver Nuggets","117","San Antonio Spurs","121","",""
"120","Sun, Jan 8, 2012","Box Score","Memphis Grizzlies","82","Los Angeles Lakers","90","",""
"121","Sun, Jan 8, 2012","Box Score","San Antonio Spurs","96","Oklahoma City Thunder","108","",""
"122","Sun, Jan 8, 2012","Box Score","Milwaukee Bucks","93","Phoenix Suns","109","",""
"123","Sun, Jan 8, 2012","Box Score","Cleveland Cavaliers","78","Portland Trail Blazers","98","",""
"124","Sun, Jan 8, 2012","Box Score","Orlando Magic","104","Sacramento Kings","97","",""
"125","Sun, Jan 8, 2012","Box Score","Minnesota Timberwolves","93","Washington Wizards","72","",""
"126","Mon, Jan 9, 2012","Box Score","Detroit Pistons","68","Chicago Bulls","92","",""
"127","Mon, Jan 9, 2012","Box Score","New Orleans Hornets","94","Denver Nuggets","81","",""
"128","Mon, Jan 9, 2012","Box Score","Atlanta Hawks","106","New Jersey Nets","101","",""
"129","Mon, Jan 9, 2012","Box Score","Charlotte Bobcats","87","New York Knicks","91","",""
"130","Mon, Jan 9, 2012","Box Score","Indiana Pacers","86","Philadelphia 76ers","96","",""
"131","Mon, Jan 9, 2012","Box Score","Minnesota Timberwolves","87","Toronto Raptors","97","",""
"132","Tue, Jan 10, 2012","Box Score","Houston Rockets","82","Charlotte Bobcats","70","",""
"133","Tue, Jan 10, 2012","Box Score","Dallas Mavericks","100","Detroit Pistons","86","",""
"134","Tue, Jan 10, 2012","Box Score","Miami Heat","106","Golden State Warriors","111","OT",""
"135","Tue, Jan 10, 2012","Box Score","Phoenix Suns","83","Los Angeles Lakers","99","",""
"136","Tue, Jan 10, 2012","Box Score","Oklahoma City Thunder","100","Memphis Grizzlies","95","",""
"137","Tue, Jan 10, 2012","Box Score","San Antonio Spurs","103","Milwaukee Bucks","106","",""
"138","Tue, Jan 10, 2012","Box Score","Chicago Bulls","111","Minnesota Timberwolves","100","",""
"139","Tue, Jan 10, 2012","Box Score","Sacramento Kings","85","Philadelphia 76ers","112","",""
"140","Tue, Jan 10, 2012","Box Score","Los Angeles Clippers","97","Portland Trail Blazers","105","",""
"141","Tue, Jan 10, 2012","Box Score","Cleveland Cavaliers","105","Utah Jazz","113","",""
"142","Tue, Jan 10, 2012","Box Score","Toronto Raptors","78","Washington Wizards","93","",""
"143","Wed, Jan 11, 2012","Box Score","Dallas Mavericks","90","Boston Celtics","85","",""
"144","Wed, Jan 11, 2012","Box Score","Washington Wizards","64","Chicago Bulls","78","",""
"145","Wed, Jan 11, 2012","Box Score","New Jersey Nets","115","Denver Nuggets","123","",""
"146","Wed, Jan 11, 2012","Box Score","Atlanta Hawks","84","Indiana Pacers","96","",""
"147","Wed, Jan 11, 2012","Box Score","Miami Heat","89","Los Angeles Clippers","95","OT",""
"148","Wed, Jan 11, 2012","Box Score","Oklahoma City Thunder","95","New Orleans Hornets","85","",""
"149","Wed, Jan 11, 2012","Box Score","Philadelphia 76ers","79","New York Knicks","85","",""
"150","Wed, Jan 11, 2012","Box Score","Orlando Magic","107","Portland Trail Blazers","104","",""
"151","Wed, Jan 11, 2012","Box Score","Houston Rockets","95","San Antonio Spurs","101","OT",""
"152","Wed, Jan 11, 2012","Box Score","Sacramento Kings","98","Toronto Raptors","91","",""
"153","Wed, Jan 11, 2012","Box Score","Los Angeles Lakers","90","Utah Jazz","87","OT",""
"154","Thu, Jan 12, 2012","Box Score","Charlotte Bobcats","81","Atlanta Hawks","111","",""
"155","Thu, Jan 12, 2012","Box Score","Orlando Magic","117","Golden State Warriors","109","",""
"156","Thu, Jan 12, 2012","Box Score","New York Knicks","83","Memphis Grizzlies","94","",""
"157","Thu, Jan 12, 2012","Box Score","Detroit Pistons","93","Milwaukee Bucks","102","",""
"158","Thu, Jan 12, 2012","Box Score","Cleveland Cavaliers","101","Phoenix Suns","90","",""
"159","Fri, Jan 13, 2012","Box Score","Chicago Bulls","88","Boston Celtics","79","",""
"160","Fri, Jan 13, 2012","Box Score","Detroit Pistons","98","Charlotte Bobcats","81","",""
"161","Fri, Jan 13, 2012","Box Score","Milwaukee Bucks","76","Dallas Mavericks","102","",""
"162","Fri, Jan 13, 2012","Box Score","Miami Heat","104","Denver Nuggets","117","",""
"163","Fri, Jan 13, 2012","Box Score","Sacramento Kings","89","Houston Rockets","103","",""
"164","Fri, Jan 13, 2012","Box Score","Cleveland Cavaliers","92","Los Angeles Lakers","97","",""
"165","Fri, Jan 13, 2012","Box Score","Minnesota Timberwolves","87","New Orleans Hornets","80","",""
"166","Fri, Jan 13, 2012","Box Score","Washington Wizards","89","Philadelphia 76ers","120","",""
"167","Fri, Jan 13, 2012","Box Score","New Jersey Nets","110","Phoenix Suns","103","",""
"168","Fri, Jan 13, 2012","Box Score","Portland Trail Blazers","83","San Antonio Spurs","99","",""
"169","Fri, Jan 13, 2012","Box Score","Indiana Pacers","95","Toronto Raptors","90","",""
"170","Sat, Jan 14, 2012","Box Score","Minnesota Timberwolves","91","Atlanta Hawks","93","",""
"171","Sat, Jan 14, 2012","Box Score","Golden State Warriors","100","Charlotte Bobcats","112","",""
"172","Sat, Jan 14, 2012","Box Score","Toronto Raptors","64","Chicago Bulls","77","",""
"173","Sat, Jan 14, 2012","Box Score","Sacramento Kings","60","Dallas Mavericks","99","",""
"174","Sat, Jan 14, 2012","Box Score","Portland Trail Blazers","105","Houston Rockets","107","OT",""
"175","Sat, Jan 14, 2012","Box Score","Boston Celtics","83","Indiana Pacers","97","",""
"176","Sat, Jan 14, 2012","Box Score","Los Angeles Lakers","94","Los Angeles Clippers","102","",""
"177","Sat, Jan 14, 2012","Box Score","New Orleans Hornets","99","Memphis Grizzlies","108","",""
"178","Sat, Jan 14, 2012","Box Score","New York Knicks","92","Oklahoma City Thunder","104","",""
"179","Sat, Jan 14, 2012","Box Score","New Jersey Nets","94","Utah Jazz","107","",""
"180","Sat, Jan 14, 2012","Box Score","Philadelphia 76ers","103","Washington Wizards","90","",""
"181","Sun, Jan 15, 2012","Box Score","Utah Jazz","106","Denver Nuggets","96","",""
"182","Sun, Jan 15, 2012","Box Score","Golden State Warriors","99","Detroit Pistons","91","",""
"183","Sun, Jan 15, 2012","Box Score","Phoenix Suns","91","San Antonio Spurs","102","",""
"184","Mon, Jan 16, 2012","Box Score","Toronto Raptors","84","Atlanta Hawks","93","",""
"185","Mon, Jan 16, 2012","Box Score","Oklahoma City Thunder","97","Boston Celtics","88","",""
"186","Mon, Jan 16, 2012","Box Score","Cleveland Cavaliers","102","Charlotte Bobcats","94","",""
"187","Mon, Jan 16, 2012","Box Score","New Jersey Nets","91","Los Angeles Clippers","101","",""
"188","Mon, Jan 16, 2012","Box Score","Dallas Mavericks","70","Los Angeles Lakers","73","",""
"189","Mon, Jan 16, 2012","Box Score","Chicago Bulls","86","Memphis Grizzlies","102","",""
"190","Mon, Jan 16, 2012","Box Score","Sacramento Kings","86","Minnesota Timberwolves","99","",""
"191","Mon, Jan 16, 2012","Box Score","Portland Trail Blazers","84","New Orleans Hornets","77","",""
"192","Mon, Jan 16, 2012","Box Score","Orlando Magic","102","New York Knicks","93","",""
"193","Mon, Jan 16, 2012","Box Score","Milwaukee Bucks","82","Philadelphia 76ers","94","",""
"194","Mon, Jan 16, 2012","Box Score","Houston Rockets","114","Washington Wizards","106","",""
"195","Tue, Jan 17, 2012","Box Score","Phoenix Suns","97","Chicago Bulls","118","",""
"196","Tue, Jan 17, 2012","Box Score","Golden State Warriors","105","Cleveland Cavaliers","95","",""
"197","Tue, Jan 17, 2012","Box Score","Detroit Pistons","80","Houston Rockets","97","",""
"198","Tue, Jan 17, 2012","Box Score","San Antonio Spurs","98","Miami Heat","120","",""
"199","Tue, Jan 17, 2012","Box Score","Denver Nuggets","105","Milwaukee Bucks","95","",""
"200","Tue, Jan 17, 2012","Box Score","Charlotte Bobcats","89","Orlando Magic","96","",""
"201","Tue, Jan 17, 2012","Box Score","Los Angeles Clippers","79","Utah Jazz","108","",""
"202","Wed, Jan 18, 2012","Box Score","Portland Trail Blazers","89","Atlanta Hawks","92","",""
"203","Wed, Jan 18, 2012","Box Score","Toronto Raptors","73","Boston Celtics","96","",""
"204","Wed, Jan 18, 2012","Box Score","Dallas Mavericks","89","Los Angeles Clippers","91","",""
"205","Wed, Jan 18, 2012","Box Score","Detroit Pistons","85","Minnesota Timberwolves","93","",""
"206","Wed, Jan 18, 2012","Box Score","Golden State Warriors","100","New Jersey Nets","107","",""
"207","Wed, Jan 18, 2012","Box Score","Memphis Grizzlies","93","New Orleans Hornets","87","",""
"208","Wed, Jan 18, 2012","Box Score","Phoenix Suns","91","New York Knicks","88","",""
"209","Wed, Jan 18, 2012","Box Score","San Antonio Spurs","85","Orlando Magic","83","OT",""
"210","Wed, Jan 18, 2012","Box Score","Denver Nuggets","108","Philadelphia 76ers","104","OT",""
"211","Wed, Jan 18, 2012","Box Score","Indiana Pacers","88","Sacramento Kings","92","",""
"212","Wed, Jan 18, 2012","Box Score","Oklahoma City Thunder","102","Washington Wizards","105","",""
"213","Thu, Jan 19, 2012","Box Score","New Orleans Hornets","88","Houston Rockets","90","OT",""
"214","Thu, Jan 19, 2012","Box Score","Los Angeles Lakers","87","Miami Heat","98","",""
"215","Thu, Jan 19, 2012","Box Score","Dallas Mavericks","94","Utah Jazz","91","",""
"216","Fri, Jan 20, 2012","Box Score","Phoenix Suns","79","Boston Celtics","71","",""
"217","Fri, Jan 20, 2012","Box Score","Chicago Bulls","114","Cleveland Cavaliers","75","",""
"218","Fri, Jan 20, 2012","Box Score","Memphis Grizzlies","98","Detroit Pistons","81","",""
"219","Fri, Jan 20, 2012","Box Score","Indiana Pacers","94","Golden State Warriors","91","",""
"220","Fri, Jan 20, 2012","Box Score","Minnesota Timberwolves","101","Los Angeles Clippers","98","",""
"221","Fri, Jan 20, 2012","Box Score","Milwaukee Bucks","100","New York Knicks","86","",""
"222","Fri, Jan 20, 2012","Box Score","Los Angeles Lakers","80","Orlando Magic","92","",""
"223","Fri, Jan 20, 2012","Box Score","Atlanta Hawks","76","Philadelphia 76ers","90","",""
"224","Fri, Jan 20, 2012","Box Score","Sacramento Kings","88","San Antonio Spurs","86","",""
"225","Fri, Jan 20, 2012","Box Score","Portland Trail Blazers","94","Toronto Raptors","84","",""
"226","Fri, Jan 20, 2012","Box Score","Denver Nuggets","108","Washington Wizards","104","",""
"227","Sat, Jan 21, 2012","Box Score","Cleveland Cavaliers","94","Atlanta Hawks","121","",""
"228","Sat, Jan 21, 2012","Box Score","Charlotte Bobcats","89","Chicago Bulls","95","",""
"229","Sat, Jan 21, 2012","Box Score","Portland Trail Blazers","91","Detroit Pistons","94","",""
"230","Sat, Jan 21, 2012","Box Score","San Antonio Spurs","102","Houston Rockets","105","",""
"231","Sat, Jan 21, 2012","Box Score","Sacramento Kings","95","Memphis Grizzlies","128","",""
"232","Sat, Jan 21, 2012","Box Score","Philadelphia 76ers","92","Miami Heat","113","",""
"233","Sat, Jan 21, 2012","Box Score","Oklahoma City Thunder","84","New Jersey Nets","74","",""
"234","Sat, Jan 21, 2012","Box Score","Dallas Mavericks","83","New Orleans Hornets","81","",""
"235","Sat, Jan 21, 2012","Box Score","Denver Nuggets","119","New York Knicks","114","2OT",""
"236","Sat, Jan 21, 2012","Box Score","Minnesota Timberwolves","98","Utah Jazz","108","",""
"237","Sun, Jan 22, 2012","Box Score","Toronto Raptors","91","Los Angeles Clippers","103","",""
"238","Sun, Jan 22, 2012","Box Score","Indiana Pacers","98","Los Angeles Lakers","96","",""
"239","Sun, Jan 22, 2012","Box Score","Milwaukee Bucks","91","Miami Heat","82","",""
"240","Sun, Jan 22, 2012","Box Score","Charlotte Bobcats","87","New Jersey Nets","97","",""
"241","Sun, Jan 22, 2012","Box Score","Boston Celtics","100","Washington Wizards","94","",""
"242","Mon, Jan 23, 2012","Box Score","Orlando Magic","56","Boston Celtics","87","",""
"243","Mon, Jan 23, 2012","Box Score","New Jersey Nets","95","Chicago Bulls","110","",""
"244","Mon, Jan 23, 2012","Box Score","Phoenix Suns","87","Dallas Mavericks","93","",""
"245","Mon, Jan 23, 2012","Box Score","Memphis Grizzlies","91","Golden State Warriors","90","",""
"246","Mon, Jan 23, 2012","Box Score","Atlanta Hawks","97","Milwaukee Bucks","92","",""
"247","Mon, Jan 23, 2012","Box Score","Houston Rockets","107","Minnesota Timberwolves","92","",""
"248","Mon, Jan 23, 2012","Box Score","San Antonio Spurs","104","New Orleans Hornets","102","",""
"249","Mon, Jan 23, 2012","Box Score","Detroit Pistons","79","Oklahoma City Thunder","99","",""
"250","Mon, Jan 23, 2012","Box Score","Washington Wizards","83","Philadelphia 76ers","103","",""
"251","Mon, Jan 23, 2012","Box Score","Sacramento Kings","89","Portland Trail Blazers","101","",""
"252","Tue, Jan 24, 2012","Box Score","New York Knicks","111","Charlotte Bobcats","78","",""
"253","Tue, Jan 24, 2012","Box Score","Orlando Magic","102","Indiana Pacers","83","",""
"254","Tue, Jan 24, 2012","Box Score","Cleveland Cavaliers","85","Miami Heat","92","",""
"255","Tue, Jan 24, 2012","Box Score","Toronto Raptors","99","Phoenix Suns","96","",""
"256","Tue, Jan 24, 2012","Box Score","Memphis Grizzlies","84","Portland Trail Blazers","97","",""
"257","Wed, Jan 25, 2012","Box Score","Indiana Pacers","95","Chicago Bulls","90","",""
"258","Wed, Jan 25, 2012","Box Score","New York Knicks","81","Cleveland Cavaliers","91","",""
"259","Wed, Jan 25, 2012","Box Score","Minnesota Timberwolves","105","Dallas Mavericks","90","",""
"260","Wed, Jan 25, 2012","Box Score","Miami Heat","101","Detroit Pistons","98","",""
"261","Wed, Jan 25, 2012","Box Score","Portland Trail Blazers","93","Golden State Warriors","101","",""
"262","Wed, Jan 25, 2012","Box Score","Milwaukee Bucks","105","Houston Rockets","99","",""
"263","Wed, Jan 25, 2012","Box Score","Los Angeles Clippers","91","Los Angeles Lakers","96","",""
"264","Wed, Jan 25, 2012","Box Score","New Orleans Hornets","91","Oklahoma City Thunder","101","",""
"265","Wed, Jan 25, 2012","Box Score","New Jersey Nets","97","Philadelphia 76ers","90","OT",""
"266","Wed, Jan 25, 2012","Box Score","Denver Nuggets","122","Sacramento Kings","93","",""
"267","Wed, Jan 25, 2012","Box Score","Atlanta Hawks","83","San Antonio Spurs","105","",""
"268","Wed, Jan 25, 2012","Box Score","Toronto Raptors","111","Utah Jazz","106","2OT",""
"269","Wed, Jan 25, 2012","Box Score","Charlotte Bobcats","75","Washington Wizards","92","",""
"270","Thu, Jan 26, 2012","Box Score","Memphis Grizzlies","91","Los Angeles Clippers","98","",""
"271","Thu, Jan 26, 2012","Box Score","Boston Celtics","91","Orlando Magic","83","",""
"272","Fri, Jan 27, 2012","Box Score","Indiana Pacers","87","Boston Celtics","94","",""
"273","Fri, Jan 27, 2012","Box Score","Milwaukee Bucks","100","Chicago Bulls","107","",""
"274","Fri, Jan 27, 2012","Box Score","New Jersey Nets","99","Cleveland Cavaliers","96","",""
"275","Fri, Jan 27, 2012","Box Score","Utah Jazz","101","Dallas Mavericks","116","",""
"276","Fri, Jan 27, 2012","Box Score","Toronto Raptors","81","Denver Nuggets","96","",""
"277","Fri, Jan 27, 2012","Box Score","Atlanta Hawks","107","Detroit Pistons","101","OT",""
"278","Fri, Jan 27, 2012","Box Score","Oklahoma City Thunder","120","Golden State Warriors","109","",""
"279","Fri, Jan 27, 2012","Box Score","Washington Wizards","76","Houston Rockets","103","",""
"280","Fri, Jan 27, 2012","Box Score","New York Knicks","89","Miami Heat","99","",""
"281","Fri, Jan 27, 2012","Box Score","San Antonio Spurs","79","Minnesota Timberwolves","87","",""
"282","Fri, Jan 27, 2012","Box Score","Orlando Magic","67","New Orleans Hornets","93","",""
"283","Fri, Jan 27, 2012","Box Score","Charlotte Bobcats","72","Philadelphia 76ers","89","",""
"284","Fri, Jan 27, 2012","Box Score","Phoenix Suns","71","Portland Trail Blazers","109","",""
"285","Sat, Jan 28, 2012","Box Score","Washington Wizards","102","Charlotte Bobcats","99","",""
"286","Sat, Jan 28, 2012","Box Score","New York Knicks","84","Houston Rockets","97","",""
"287","Sat, Jan 28, 2012","Box Score","Los Angeles Lakers","89","Milwaukee Bucks","100","",""
"288","Sat, Jan 28, 2012","Box Score","Detroit Pistons","74","Philadelphia 76ers","95","",""
"289","Sat, Jan 28, 2012","Box Score","Memphis Grizzlies","84","Phoenix Suns","86","",""
"290","Sat, Jan 28, 2012","Box Score","Sacramento Kings","93","Utah Jazz","96","",""
"291","Sun, Jan 29, 2012","Box Score","Cleveland Cavaliers","88","Boston Celtics","87","",""
"292","Sun, Jan 29, 2012","Box Score","San Antonio Spurs","100","Dallas Mavericks","101","OT",""
"293","Sun, Jan 29, 2012","Box Score","Los Angeles Clippers","109","Denver Nuggets","105","",""
"294","Sun, Jan 29, 2012","Box Score","Chicago Bulls","93","Miami Heat","97","",""
"295","Sun, Jan 29, 2012","Box Score","Los Angeles Lakers","106","Minnesota Timberwolves","101","",""
"296","Sun, Jan 29, 2012","Box Score","Toronto Raptors","94","New Jersey Nets","73","",""
"297","Sun, Jan 29, 2012","Box Score","Atlanta Hawks","94","New Orleans Hornets","72","",""
"298","Sun, Jan 29, 2012","Box Score","Indiana Pacers","106","Orlando Magic","85","",""
"299","Mon, Jan 30, 2012","Box Score","Minnesota Timberwolves","120","Houston Rockets","108","",""
"300","Mon, Jan 30, 2012","Box Score","Oklahoma City Thunder","100","Los Angeles Clippers","112","",""
"301","Mon, Jan 30, 2012","Box Score","San Antonio Spurs","83","Memphis Grizzlies","73","",""
"302","Mon, Jan 30, 2012","Box Score","New Orleans Hornets","95","Miami Heat","109","",""
"303","Mon, Jan 30, 2012","Box Score","Detroit Pistons","82","Milwaukee Bucks","103","",""
"304","Mon, Jan 30, 2012","Box Score","Orlando Magic","69","Philadelphia 76ers","74","",""
"305","Mon, Jan 30, 2012","Box Score","Dallas Mavericks","122","Phoenix Suns","99","",""
"306","Mon, Jan 30, 2012","Box Score","Portland Trail Blazers","89","Utah Jazz","93","",""
"307","Mon, Jan 30, 2012","Box Score","Chicago Bulls","98","Washington Wizards","88","",""
"308","Tue, Jan 31, 2012","Box Score","Boston Celtics","93","Cleveland Cavaliers","90","",""
"309","Tue, Jan 31, 2012","Box Score","Sacramento Kings","90","Golden State Warriors","93","",""
"310","Tue, Jan 31, 2012","Box Score","New Jersey Nets","99","Indiana Pacers","106","",""
"311","Tue, Jan 31, 2012","Box Score","Charlotte Bobcats","73","Los Angeles Lakers","106","",""
"312","Tue, Jan 31, 2012","Box Score","Denver Nuggets","97","Memphis Grizzlies","100","OT",""
"313","Tue, Jan 31, 2012","Box Score","Detroit Pistons","86","New York Knicks","113","",""
"314","Tue, Jan 31, 2012","Box Score","Atlanta Hawks","100","Toronto Raptors","77","",""
"315","Wed, Feb 1, 2012","Box Score","Toronto Raptors","64","Boston Celtics","100","",""
"316","Wed, Feb 1, 2012","Box Score","Oklahoma City Thunder","95","Dallas Mavericks","86","",""
"317","Wed, Feb 1, 2012","Box Score","Miami Heat","97","Milwaukee Bucks","105","",""
"318","Wed, Feb 1, 2012","Box Score","Indiana Pacers","109","Minnesota Timberwolves","99","",""
"319","Wed, Feb 1, 2012","Box Score","Detroit Pistons","96","New Jersey Nets","99","",""
"320","Wed, Feb 1, 2012","Box Score","Phoenix Suns","120","New Orleans Hornets","103","",""
"321","Wed, Feb 1, 2012","Box Score","Washington Wizards","103","Orlando Magic","109","",""
"322","Wed, Feb 1, 2012","Box Score","Chicago Bulls","82","Philadelphia 76ers","98","",""
"323","Wed, Feb 1, 2012","Box Score","Charlotte Bobcats","68","Portland Trail Blazers","112","",""
"324","Wed, Feb 1, 2012","Box Score","Houston Rockets","91","San Antonio Spurs","99","",""
"325","Wed, Feb 1, 2012","Box Score","Los Angeles Clippers","107","Utah Jazz","105","",""
"326","Thu, Feb 2, 2012","Box Score","Memphis Grizzlies","96","Atlanta Hawks","77","",""
"327","Thu, Feb 2, 2012","Box Score","Utah Jazz","101","Golden State Warriors","119","",""
"328","Thu, Feb 2, 2012","Box Score","Denver Nuggets","112","Los Angeles Clippers","91","",""
"329","Thu, Feb 2, 2012","Box Score","Chicago Bulls","105","New York Knicks","102","",""
"330","Thu, Feb 2, 2012","Box Score","Portland Trail Blazers","92","Sacramento Kings","95","",""
"331","Thu, Feb 2, 2012","Box Score","New Orleans Hornets","81","San Antonio Spurs","93","",""
"332","Fri, Feb 3, 2012","Box Score","New York Knicks","89","Boston Celtics","91","",""
"333","Fri, Feb 3, 2012","Box Score","Indiana Pacers","98","Dallas Mavericks","87","",""
"334","Fri, Feb 3, 2012","Box Score","Los Angeles Lakers","93","Denver Nuggets","89","",""
"335","Fri, Feb 3, 2012","Box Score","Milwaukee Bucks","80","Detroit Pistons","88","",""
"336","Fri, Feb 3, 2012","Box Score","Phoenix Suns","81","Houston Rockets","99","",""
"337","Fri, Feb 3, 2012","Box Score","Minnesota Timberwolves","108","New Jersey Nets","105","",""
"338","Fri, Feb 3, 2012","Box Score","Memphis Grizzlies","94","Oklahoma City Thunder","101","",""
"339","Fri, Feb 3, 2012","Box Score","Cleveland Cavaliers","94","Orlando Magic","102","",""
"340","Fri, Feb 3, 2012","Box Score","Miami Heat","99","Philadelphia 76ers","79","",""
"341","Fri, Feb 3, 2012","Box Score","Washington Wizards","89","Toronto Raptors","106","",""
"342","Sat, Feb 4, 2012","Box Score","Philadelphia 76ers","98","Atlanta Hawks","87","",""
"343","Sat, Feb 4, 2012","Box Score","Dallas Mavericks","88","Cleveland Cavaliers","91","",""
"344","Sat, Feb 4, 2012","Box Score","New Orleans Hornets","87","Detroit Pistons","89","",""
"345","Sat, Feb 4, 2012","Box Score","Orlando Magic","85","Indiana Pacers","81","",""
"346","Sat, Feb 4, 2012","Box Score","Chicago Bulls","113","Milwaukee Bucks","90","",""
"347","Sat, Feb 4, 2012","Box Score","Houston Rockets","91","Minnesota Timberwolves","100","",""
"348","Sat, Feb 4, 2012","Box Score","New Jersey Nets","92","New York Knicks","99","",""
"349","Sat, Feb 4, 2012","Box Score","Charlotte Bobcats","89","Phoenix Suns","95","",""
"350","Sat, Feb 4, 2012","Box Score","Denver Nuggets","97","Portland Trail Blazers","117","",""
"351","Sat, Feb 4, 2012","Box Score","Golden State Warriors","106","Sacramento Kings","114","OT",""
"352","Sat, Feb 4, 2012","Box Score","Oklahoma City Thunder","96","San Antonio Spurs","107","",""
"353","Sat, Feb 4, 2012","Box Score","Los Angeles Lakers","87","Utah Jazz","96","",""
"354","Sat, Feb 4, 2012","Box Score","Los Angeles Clippers","107","Washington Wizards","81","",""
"355","Sun, Feb 5, 2012","Box Score","Memphis Grizzlies","80","Boston Celtics","98","",""
"356","Sun, Feb 5, 2012","Box Score","Toronto Raptors","89","Miami Heat","95","",""
"357","Mon, Feb 6, 2012","Box Score","Phoenix Suns","99","Atlanta Hawks","90","",""
"358","Mon, Feb 6, 2012","Box Score","Houston Rockets","99","Denver Nuggets","90","",""
"359","Mon, Feb 6, 2012","Box Score","San Antonio Spurs","89","Memphis Grizzlies","84","",""
"360","Mon, Feb 6, 2012","Box Score","Chicago Bulls","108","New Jersey Nets","87","",""
"361","Mon, Feb 6, 2012","Box Score","Sacramento Kings","100","New Orleans Hornets","92","",""
"362","Mon, Feb 6, 2012","Box Score","Utah Jazz","88","New York Knicks","99","",""
"363","Mon, Feb 6, 2012","Box Score","Los Angeles Clippers","107","Orlando Magic","102","OT",""
"364","Mon, Feb 6, 2012","Box Score","Los Angeles Lakers","90","Philadelphia 76ers","95","",""
"365","Mon, Feb 6, 2012","Box Score","Oklahoma City Thunder","111","Portland Trail Blazers","107","OT",""
"366","Mon, Feb 6, 2012","Box Score","Toronto Raptors","108","Washington Wizards","111","OT",""
"367","Tue, Feb 7, 2012","Box Score","Charlotte Bobcats","84","Boston Celtics","94","",""
"368","Tue, Feb 7, 2012","Box Score","Oklahoma City Thunder","119","Golden State Warriors","116","",""
"369","Tue, Feb 7, 2012","Box Score","Utah Jazz","99","Indiana Pacers","104","",""
"370","Tue, Feb 7, 2012","Box Score","Cleveland Cavaliers","91","Miami Heat","107","",""
"371","Tue, Feb 7, 2012","Box Score","Phoenix Suns","107","Milwaukee Bucks","105","",""
"372","Tue, Feb 7, 2012","Box Score","Sacramento Kings","84","Minnesota Timberwolves","86","",""
"373","Wed, Feb 8, 2012","Box Score","Indiana Pacers","87","Atlanta Hawks","97","",""
"374","Wed, Feb 8, 2012","Box Score","Los Angeles Clippers","92","Cleveland Cavaliers","99","",""
"375","Wed, Feb 8, 2012","Box Score","Dallas Mavericks","105","Denver Nuggets","95","",""
"376","Wed, Feb 8, 2012","Box Score","Minnesota Timberwolves","80","Memphis Grizzlies","85","",""
"377","Wed, Feb 8, 2012","Box Score","Detroit Pistons","99","New Jersey Nets","92","",""
"378","Wed, Feb 8, 2012","Box Score","Chicago Bulls","90","New Orleans Hornets","67","",""
"379","Wed, Feb 8, 2012","Box Score","Miami Heat","89","Orlando Magic","102","",""
"380","Wed, Feb 8, 2012","Box Score","San Antonio Spurs","100","Philadelphia 76ers","90","",""
"381","Wed, Feb 8, 2012","Box Score","Houston Rockets","103","Portland Trail Blazers","96","",""
"382","Wed, Feb 8, 2012","Box Score","Milwaukee Bucks","105","Toronto Raptors","99","",""
"383","Wed, Feb 8, 2012","Box Score","New York Knicks","107","Washington Wizards","93","",""
"384","Thu, Feb 9, 2012","Box Score","Los Angeles Lakers","88","Boston Celtics","87","OT",""
"385","Thu, Feb 9, 2012","Box Score","Golden State Warriors","109","Denver Nuggets","101","",""
"386","Thu, Feb 9, 2012","Box Score","Houston Rockets","96","Phoenix Suns","89","",""
"387","Thu, Feb 9, 2012","Box Score","Oklahoma City Thunder","101","Sacramento Kings","106","",""
"388","Fri, Feb 10, 2012","Box Score","Chicago Bulls","95","Charlotte Bobcats","64","",""
"389","Fri, Feb 10, 2012","Box Score","Milwaukee Bucks","113","Cleveland Cavaliers","112","OT",""
"390","Fri, Feb 10, 2012","Box Score","New Jersey Nets","92","Detroit Pistons","109","",""
"391","Fri, Feb 10, 2012","Box Score","Indiana Pacers","92","Memphis Grizzlies","98","",""
"392","Fri, Feb 10, 2012","Box Score","Dallas Mavericks","104","Minnesota Timberwolves","97","",""
"393","Fri, Feb 10, 2012","Box Score","Portland Trail Blazers","94","New Orleans Hornets","86","",""
"394","Fri, Feb 10, 2012","Box Score","Los Angeles Lakers","85","New York Knicks","92","",""
"395","Fri, Feb 10, 2012","Box Score","Atlanta Hawks","89","Orlando Magic","87","OT",""
"396","Fri, Feb 10, 2012","Box Score","Los Angeles Clippers","78","Philadelphia 76ers","77","",""
"397","Fri, Feb 10, 2012","Box Score","Boston Celtics","74","Toronto Raptors","86","",""
"398","Fri, Feb 10, 2012","Box Score","Oklahoma City Thunder","101","Utah Jazz","87","",""
"399","Fri, Feb 10, 2012","Box Score","Miami Heat","106","Washington Wizards","89","",""
"400","Sat, Feb 11, 2012","Box Score","Los Angeles Clippers","111","Charlotte Bobcats","86","",""
"401","Sat, Feb 11, 2012","Box Score","Philadelphia 76ers","99","Cleveland Cavaliers","84","",""
"402","Sat, Feb 11, 2012","Box Score","Portland Trail Blazers","94","Dallas Mavericks","97","2OT",""
"403","Sat, Feb 11, 2012","Box Score","Denver Nuggets","113","Indiana Pacers","109","",""
"404","Sat, Feb 11, 2012","Box Score","Orlando Magic","99","Milwaukee Bucks","94","",""
"405","Sat, Feb 11, 2012","Box Score","New York Knicks","100","Minnesota Timberwolves","98","",""
"406","Sat, Feb 11, 2012","Box Score","San Antonio Spurs","103","New Jersey Nets","89","",""
"407","Sat, Feb 11, 2012","Box Score","Phoenix Suns","98","Sacramento Kings","84","",""
"408","Sun, Feb 12, 2012","Box Score","Miami Heat","107","Atlanta Hawks","87","",""
"409","Sun, Feb 12, 2012","Box Score","Chicago Bulls","91","Boston Celtics","95","",""
"410","Sun, Feb 12, 2012","Box Score","Washington Wizards","98","Detroit Pistons","77","",""
"411","Sun, Feb 12, 2012","Box Score","Houston Rockets","97","Golden State Warriors","106","",""
"412","Sun, Feb 12, 2012","Box Score","Utah Jazz","98","Memphis Grizzlies","88","",""
"413","Sun, Feb 12, 2012","Box Score","Los Angeles Lakers","94","Toronto Raptors","92","",""
"414","Mon, Feb 13, 2012","Box Score","Philadelphia 76ers","98","Charlotte Bobcats","89","",""
"415","Mon, Feb 13, 2012","Box Score","Los Angeles Clippers","92","Dallas Mavericks","96","",""
"416","Mon, Feb 13, 2012","Box Score","Phoenix Suns","96","Golden State Warriors","102","",""
"417","Mon, Feb 13, 2012","Box Score","Miami Heat","114","Milwaukee Bucks","96","",""
"418","Mon, Feb 13, 2012","Box Score","Utah Jazz","80","New Orleans Hornets","86","",""
"419","Mon, Feb 13, 2012","Box Score","Minnesota Timberwolves","89","Orlando Magic","102","",""
"420","Tue, Feb 14, 2012","Box Score","Sacramento Kings","115","Chicago Bulls","121","",""
"421","Tue, Feb 14, 2012","Box Score","Phoenix Suns","92","Denver Nuggets","109","",""
"422","Tue, Feb 14, 2012","Box Score","San Antonio Spurs","99","Detroit Pistons","95","",""
"423","Tue, Feb 14, 2012","Box Score","Miami Heat","105","Indiana Pacers","90","",""
"424","Tue, Feb 14, 2012","Box Score","Atlanta Hawks","78","Los Angeles Lakers","86","",""
"425","Tue, Feb 14, 2012","Box Score","Houston Rockets","83","Memphis Grizzlies","93","",""
"426","Tue, Feb 14, 2012","Box Score","Utah Jazz","85","Oklahoma City Thunder","111","",""
"427","Tue, Feb 14, 2012","Box Score","Washington Wizards","124","Portland Trail Blazers","109","",""
"428","Tue, Feb 14, 2012","Box Score","New York Knicks","90","Toronto Raptors","87","",""
"429","Wed, Feb 15, 2012","Box Score","Detroit Pistons","98","Boston Celtics","88","",""
"430","Wed, Feb 15, 2012","Box Score","Indiana Pacers","87","Cleveland Cavaliers","98","",""
"431","Wed, Feb 15, 2012","Box Score","Denver Nuggets","84","Dallas Mavericks","102","",""
"432","Wed, Feb 15, 2012","Box Score","Portland Trail Blazers","93","Golden State Warriors","91","",""
"433","Wed, Feb 15, 2012","Box Score","Oklahoma City Thunder","95","Houston Rockets","96","",""
"434","Wed, Feb 15, 2012","Box Score","Washington Wizards","84","Los Angeles Clippers","102","",""
"435","Wed, Feb 15, 2012","Box Score","New Orleans Hornets","92","Milwaukee Bucks","89","",""
"436","Wed, Feb 15, 2012","Box Score","Charlotte Bobcats","90","Minnesota Timberwolves","102","",""
"437","Wed, Feb 15, 2012","Box Score","Memphis Grizzlies","105","New Jersey Nets","100","",""
"438","Wed, Feb 15, 2012","Box Score","Sacramento Kings","85","New York Knicks","100","",""
"439","Wed, Feb 15, 2012","Box Score","Philadelphia 76ers","87","Orlando Magic","103","",""
"440","Wed, Feb 15, 2012","Box Score","Atlanta Hawks","101","Phoenix Suns","99","",""
"441","Wed, Feb 15, 2012","Box Score","San Antonio Spurs","113","Toronto Raptors","106","",""
"442","Thu, Feb 16, 2012","Box Score","Boston Celtics","80","Chicago Bulls","89","",""
"443","Thu, Feb 16, 2012","Box Score","New Jersey Nets","88","Indiana Pacers","93","",""
"444","Thu, Feb 16, 2012","Box Score","Los Angeles Clippers","74","Portland Trail Blazers","71","",""
"445","Fri, Feb 17, 2012","Box Score","Miami Heat","111","Cleveland Cavaliers","87","",""
"446","Fri, Feb 17, 2012","Box Score","Sacramento Kings","108","Detroit Pistons","114","",""
"447","Fri, Feb 17, 2012","Box Score","Minnesota Timberwolves","111","Houston Rockets","98","",""
"448","Fri, Feb 17, 2012","Box Score","Phoenix Suns","99","Los Angeles Lakers","111","",""
"449","Fri, Feb 17, 2012","Box Score","Denver Nuggets","102","Memphis Grizzlies","103","",""
"450","Fri, Feb 17, 2012","Box Score","New Orleans Hornets","89","New York Knicks","85","",""
"451","Fri, Feb 17, 2012","Box Score","Golden State Warriors","87","Oklahoma City Thunder","110","",""
"452","Fri, Feb 17, 2012","Box Score","Milwaukee Bucks","85","Orlando Magic","94","",""
"453","Fri, Feb 17, 2012","Box Score","Dallas Mavericks","82","Philadelphia 76ers","75","",""
"454","Fri, Feb 17, 2012","Box Score","Charlotte Bobcats","98","Toronto Raptors","91","",""
"455","Fri, Feb 17, 2012","Box Score","Washington Wizards","100","Utah Jazz","114","",""
"456","Sat, Feb 18, 2012","Box Score","New Jersey Nets","97","Chicago Bulls","85","",""
"457","Sat, Feb 18, 2012","Box Score","San Antonio Spurs","103","Los Angeles Clippers","100","OT",""
"458","Sat, Feb 18, 2012","Box Score","Golden State Warriors","103","Memphis Grizzlies","104","",""
"459","Sat, Feb 18, 2012","Box Score","Atlanta Hawks","77","Portland Trail Blazers","97","",""
"460","Sun, Feb 19, 2012","Box Score","Sacramento Kings","92","Cleveland Cavaliers","93","",""
"461","Sun, Feb 19, 2012","Box Score","Boston Celtics","81","Detroit Pistons","96","",""
"462","Sun, Feb 19, 2012","Box Score","Utah Jazz","85","Houston Rockets","101","",""
"463","Sun, Feb 19, 2012","Box Score","Charlotte Bobcats","73","Indiana Pacers","108","",""
"464","Sun, Feb 19, 2012","Box Score","Orlando Magic","78","Miami Heat","90","",""
"465","Sun, Feb 19, 2012","Box Score","Philadelphia 76ers","91","Minnesota Timberwolves","92","",""
"466","Sun, Feb 19, 2012","Box Score","Milwaukee Bucks","92","New Jersey Nets","85","",""
"467","Sun, Feb 19, 2012","Box Score","Dallas Mavericks","97","New York Knicks","104","",""
"468","Sun, Feb 19, 2012","Box Score","Denver Nuggets","118","Oklahoma City Thunder","124","OT",""
"469","Sun, Feb 19, 2012","Box Score","Los Angeles Lakers","90","Phoenix Suns","102","",""
"470","Mon, Feb 20, 2012","Box Score","Atlanta Hawks","79","Chicago Bulls","90","",""
"471","Mon, Feb 20, 2012","Box Score","Boston Celtics","73","Dallas Mavericks","89","",""
"472","Mon, Feb 20, 2012","Box Score","Minnesota Timberwolves","101","Denver Nuggets","103","OT",""
"473","Mon, Feb 20, 2012","Box Score","Los Angeles Clippers","97","Golden State Warriors","104","",""
"474","Mon, Feb 20, 2012","Box Score","Memphis Grizzlies","93","Houston Rockets","97","",""
"475","Mon, Feb 20, 2012","Box Score","Portland Trail Blazers","92","Los Angeles Lakers","103","",""
"476","Mon, Feb 20, 2012","Box Score","Orlando Magic","93","Milwaukee Bucks","90","",""
"477","Mon, Feb 20, 2012","Box Score","New Jersey Nets","100","New York Knicks","92","",""
"478","Mon, Feb 20, 2012","Box Score","New Orleans Hornets","93","Oklahoma City Thunder","101","",""
"479","Mon, Feb 20, 2012","Box Score","Washington Wizards","88","Phoenix Suns","104","",""
"480","Mon, Feb 20, 2012","Box Score","San Antonio Spurs","106","Utah Jazz","102","",""
"481","Tue, Feb 21, 2012","Box Score","Detroit Pistons","100","Cleveland Cavaliers","101","",""
"482","Tue, Feb 21, 2012","Box Score","New Orleans Hornets","108","Indiana Pacers","117","OT",""
"483","Tue, Feb 21, 2012","Box Score","Philadelphia 76ers","76","Memphis Grizzlies","89","",""
"484","Tue, Feb 21, 2012","Box Score","Sacramento Kings","108","Miami Heat","120","",""
"485","Tue, Feb 21, 2012","Box Score","San Antonio Spurs","97","Portland Trail Blazers","137","",""
"486","Wed, Feb 22, 2012","Box Score","Indiana Pacers","102","Charlotte Bobcats","88","",""
"487","Wed, Feb 22, 2012","Box Score","Milwaukee Bucks","91","Chicago Bulls","110","",""
"488","Wed, Feb 22, 2012","Box Score","New Orleans Hornets","89","Cleveland Cavaliers","84","",""
"489","Wed, Feb 22, 2012","Box Score","Los Angeles Lakers","96","Dallas Mavericks","91","",""
"490","Wed, Feb 22, 2012","Box Score","Philadelphia 76ers","87","Houston Rockets","93","",""
"491","Wed, Feb 22, 2012","Box Score","Denver Nuggets","95","Los Angeles Clippers","103","",""
"492","Wed, Feb 22, 2012","Box Score","Utah Jazz","98","Minnesota Timberwolves","100","",""
"493","Wed, Feb 22, 2012","Box Score","Orlando Magic","108","New Jersey Nets","91","",""
"494","Wed, Feb 22, 2012","Box Score","Atlanta Hawks","82","New York Knicks","99","",""
"495","Wed, Feb 22, 2012","Box Score","Boston Celtics","104","Oklahoma City Thunder","119","",""
"496","Wed, Feb 22, 2012","Box Score","Golden State Warriors","106","Phoenix Suns","104","",""
"497","Wed, Feb 22, 2012","Box Score","Detroit Pistons","93","Toronto Raptors","103","",""
"498","Wed, Feb 22, 2012","Box Score","Sacramento Kings","115","Washington Wizards","107","",""
"499","Thu, Feb 23, 2012","Box Score","Orlando Magic","78","Atlanta Hawks","83","",""
"500","Thu, Feb 23, 2012","Box Score","San Antonio Spurs","114","Denver Nuggets","99","",""
"501","Thu, Feb 23, 2012","Box Score","New York Knicks","88","Miami Heat","102","",""
"502","Thu, Feb 23, 2012","Box Score","Los Angeles Lakers","85","Oklahoma City Thunder","100","",""
"503","Tue, Feb 28, 2012","Box Score","New Orleans Hornets","95","Chicago Bulls","99","",""
"504","Tue, Feb 28, 2012","Box Score","Boston Celtics","86","Cleveland Cavaliers","83","",""
"505","Tue, Feb 28, 2012","Box Score","New Jersey Nets","93","Dallas Mavericks","92","",""
"506","Tue, Feb 28, 2012","Box Score","Philadelphia 76ers","97","Detroit Pistons","68","",""
"507","Tue, Feb 28, 2012","Box Score","Toronto Raptors","85","Houston Rockets","88","",""
"508","Tue, Feb 28, 2012","Box Score","Golden State Warriors","78","Indiana Pacers","102","",""
"509","Tue, Feb 28, 2012","Box Score","Minnesota Timberwolves","109","Los Angeles Clippers","97","",""
"510","Tue, Feb 28, 2012","Box Score","Washington Wizards","118","Milwaukee Bucks","119","",""
"511","Tue, Feb 28, 2012","Box Score","Utah Jazz","96","Sacramento Kings","103","",""
"512","Wed, Feb 29, 2012","Box Score","Golden State Warriors","85","Atlanta Hawks","82","",""
"513","Wed, Feb 29, 2012","Box Score","Milwaukee Bucks","96","Boston Celtics","102","",""
"514","Wed, Feb 29, 2012","Box Score","Portland Trail Blazers","95","Denver Nuggets","104","",""
"515","Wed, Feb 29, 2012","Box Score","Charlotte Bobcats","94","Detroit Pistons","109","",""
"516","Wed, Feb 29, 2012","Box Score","Minnesota Timberwolves","85","Los Angeles Lakers","104","",""
"517","Wed, Feb 29, 2012","Box Score","Dallas Mavericks","85","Memphis Grizzlies","96","",""
"518","Wed, Feb 29, 2012","Box Score","Toronto Raptors","95","New Orleans Hornets","84","",""
"519","Wed, Feb 29, 2012","Box Score","Cleveland Cavaliers","103","New York Knicks","120","",""
"520","Wed, Feb 29, 2012","Box Score","Oklahoma City Thunder","92","Philadelphia 76ers","88","",""
"521","Wed, Feb 29, 2012","Box Score","Chicago Bulls","96","San Antonio Spurs","89","",""
"522","Wed, Feb 29, 2012","Box Score","Houston Rockets","83","Utah Jazz","104","",""
"523","Wed, Feb 29, 2012","Box Score","Orlando Magic","102","Washington Wizards","95","",""
"524","Thu, Mar 1, 2012","Box Score","Oklahoma City Thunder","105","Orlando Magic","102","",""
"525","Thu, Mar 1, 2012","Box Score","Minnesota Timberwolves","95","Phoenix Suns","104","",""
"526","Thu, Mar 1, 2012","Box Score","Miami Heat","107","Portland Trail Blazers","93","",""
"527","Thu, Mar 1, 2012","Box Score","Los Angeles Clippers","108","Sacramento Kings","100","",""
"528","Fri, Mar 2, 2012","Box Score","Milwaukee Bucks","94","Atlanta Hawks","99","",""
"529","Fri, Mar 2, 2012","Box Score","New Jersey Nets","94","Boston Celtics","107","",""
"530","Fri, Mar 2, 2012","Box Score","Chicago Bulls","112","Cleveland Cavaliers","91","",""
"531","Fri, Mar 2, 2012","Box Score","Denver Nuggets","117","Houston Rockets","105","",""
"532","Fri, Mar 2, 2012","Box Score","Sacramento Kings","107","Los Angeles Lakers","115","",""
"533","Fri, Mar 2, 2012","Box Score","Dallas Mavericks","92","New Orleans Hornets","97","",""
"534","Fri, Mar 2, 2012","Box Score","Golden State Warriors","83","Philadelphia 76ers","105","",""
"535","Fri, Mar 2, 2012","Box Score","Los Angeles Clippers","78","Phoenix Suns","81","",""
"536","Fri, Mar 2, 2012","Box Score","Charlotte Bobcats","72","San Antonio Spurs","102","",""
"537","Fri, Mar 2, 2012","Box Score","Memphis Grizzlies","102","Toronto Raptors","99","",""
"538","Fri, Mar 2, 2012","Box Score","Miami Heat","98","Utah Jazz","99","",""
"539","Sat, Mar 3, 2012","Box Score","Oklahoma City Thunder","90","Atlanta Hawks","97","",""
"540","Sat, Mar 3, 2012","Box Score","Utah Jazz","96","Dallas Mavericks","102","",""
"541","Sat, Mar 3, 2012","Box Score","Detroit Pistons","83","Memphis Grizzlies","100","",""
"542","Sat, Mar 3, 2012","Box Score","Indiana Pacers","102","New Orleans Hornets","84","",""
"543","Sat, Mar 3, 2012","Box Score","Milwaukee Bucks","98","Orlando Magic","114","",""
"544","Sat, Mar 3, 2012","Box Score","Minnesota Timberwolves","122","Portland Trail Blazers","110","",""
"545","Sat, Mar 3, 2012","Box Score","Cleveland Cavaliers","98","Washington Wizards","101","",""
"546","Sun, Mar 4, 2012","Box Score","New York Knicks","111","Boston Celtics","115","OT",""
"547","Sun, Mar 4, 2012","Box Score","New Jersey Nets","104","Charlotte Bobcats","101","",""
"548","Sun, Mar 4, 2012","Box Score","Los Angeles Clippers","105","Houston Rockets","103","OT",""
"549","Sun, Mar 4, 2012","Box Score","Miami Heat","83","Los Angeles Lakers","93","",""
"550","Sun, Mar 4, 2012","Box Score","Chicago Bulls","96","Philadelphia 76ers","91","",""
"551","Sun, Mar 4, 2012","Box Score","Sacramento Kings","88","Phoenix Suns","96","",""
"552","Sun, Mar 4, 2012","Box Score","Denver Nuggets","99","San Antonio Spurs","94","",""
"553","Sun, Mar 4, 2012","Box Score","Golden State Warriors","75","Toronto Raptors","83","",""
"554","Mon, Mar 5, 2012","Box Score","Indiana Pacers","72","Chicago Bulls","92","",""
"555","Mon, Mar 5, 2012","Box Score","Utah Jazz","109","Cleveland Cavaliers","100","",""
"556","Mon, Mar 5, 2012","Box Score","Sacramento Kings","116","Denver Nuggets","119","OT",""
"557","Mon, Mar 5, 2012","Box Score","Philadelphia 76ers","93","Milwaukee Bucks","97","",""
"558","Mon, Mar 5, 2012","Box Score","Los Angeles Clippers","94","Minnesota Timberwolves","95","",""
"559","Mon, Mar 5, 2012","Box Score","Dallas Mavericks","91","Oklahoma City Thunder","95","",""
"560","Mon, Mar 5, 2012","Box Score","New Orleans Hornets","74","Portland Trail Blazers","86","",""
"561","Mon, Mar 5, 2012","Box Score","Orlando Magic","92","Toronto Raptors","88","",""
"562","Mon, Mar 5, 2012","Box Score","Golden State Warriors","120","Washington Wizards","100","",""
"563","Tue, Mar 6, 2012","Box Score","Houston Rockets","92","Boston Celtics","97","OT",""
"564","Tue, Mar 6, 2012","Box Score","Orlando Magic","84","Charlotte Bobcats","100","",""
"565","Tue, Mar 6, 2012","Box Score","New York Knicks","85","Dallas Mavericks","95","",""
"566","Tue, Mar 6, 2012","Box Score","Los Angeles Lakers","85","Detroit Pistons","88","OT",""
"567","Tue, Mar 6, 2012","Box Score","Atlanta Hawks","101","Indiana Pacers","96","",""
"568","Tue, Mar 6, 2012","Box Score","New Jersey Nets","78","Miami Heat","108","",""
"569","Wed, Mar 7, 2012","Box Score","Utah Jazz","99","Charlotte Bobcats","93","",""
"570","Wed, Mar 7, 2012","Box Score","Cleveland Cavaliers","100","Denver Nuggets","99","",""
"571","Wed, Mar 7, 2012","Box Score","Memphis Grizzlies","110","Golden State Warriors","92","",""
"572","Wed, Mar 7, 2012","Box Score","Atlanta Hawks","86","Miami Heat","89","",""
"573","Wed, Mar 7, 2012","Box Score","Chicago Bulls","106","Milwaukee Bucks","104","",""
"574","Wed, Mar 7, 2012","Box Score","Portland Trail Blazers","94","Minnesota Timberwolves","106","",""
"575","Wed, Mar 7, 2012","Box Score","Los Angeles Clippers","100","New Jersey Nets","101","",""
"576","Wed, Mar 7, 2012","Box Score","Phoenix Suns","104","Oklahoma City Thunder","115","",""
"577","Wed, Mar 7, 2012","Box Score","Boston Celtics","71","Philadelphia 76ers","103","",""
"578","Wed, Mar 7, 2012","Box Score","New Orleans Hornets","98","Sacramento Kings","99","",""
"579","Wed, Mar 7, 2012","Box Score","New York Knicks","105","San Antonio Spurs","118","",""
"580","Wed, Mar 7, 2012","Box Score","Houston Rockets","98","Toronto Raptors","116","",""
"581","Wed, Mar 7, 2012","Box Score","Los Angeles Lakers","101","Washington Wizards","106","",""
"582","Thu, Mar 8, 2012","Box Score","Orlando Magic","99","Chicago Bulls","94","",""
"583","Thu, Mar 8, 2012","Box Score","Dallas Mavericks","94","Phoenix Suns","96","",""
"584","Fri, Mar 9, 2012","Box Score","Portland Trail Blazers","86","Boston Celtics","104","",""
"585","Fri, Mar 9, 2012","Box Score","New Jersey Nets","83","Charlotte Bobcats","74","",""
"586","Fri, Mar 9, 2012","Box Score","New Orleans Hornets","97","Denver Nuggets","110","",""
"587","Fri, Mar 9, 2012","Box Score","Atlanta Hawks","85","Detroit Pistons","86","",""
"588","Fri, Mar 9, 2012","Box Score","New York Knicks","114","Milwaukee Bucks","119","",""
"589","Fri, Mar 9, 2012","Box Score","Los Angeles Lakers","105","Minnesota Timberwolves","102","",""
"590","Fri, Mar 9, 2012","Box Score","Cleveland Cavaliers","96","Oklahoma City Thunder","90","",""
"591","Fri, Mar 9, 2012","Box Score","Utah Jazz","91","Philadelphia 76ers","104","",""
"592","Fri, Mar 9, 2012","Box Score","Dallas Mavericks","97","Sacramento Kings","110","",""
"593","Fri, Mar 9, 2012","Box Score","Los Angeles Clippers","120","San Antonio Spurs","108","",""
"594","Sat, Mar 10, 2012","Box Score","Utah Jazz","97","Chicago Bulls","111","",""
"595","Sat, Mar 10, 2012","Box Score","Toronto Raptors","86","Detroit Pistons","105","",""
"596","Sat, Mar 10, 2012","Box Score","Dallas Mavericks","87","Golden State Warriors","111","",""
"597","Sat, Mar 10, 2012","Box Score","Indiana Pacers","91","Miami Heat","93","OT",""
"598","Sat, Mar 10, 2012","Box Score","New Orleans Hornets","95","Minnesota Timberwolves","89","",""
"599","Sat, Mar 10, 2012","Box Score","Houston Rockets","112","New Jersey Nets","106","",""
"600","Sat, Mar 10, 2012","Box Score","Charlotte Bobcats","95","Oklahoma City Thunder","122","",""
"601","Sat, Mar 10, 2012","Box Score","Memphis Grizzlies","91","Phoenix Suns","98","",""
"602","Sat, Mar 10, 2012","Box Score","Portland Trail Blazers","110","Washington Wizards","99","",""
"603","Sun, Mar 11, 2012","Box Score","Houston Rockets","107","Cleveland Cavaliers","118","",""
"604","Sun, Mar 11, 2012","Box Score","Memphis Grizzlies","94","Denver Nuggets","91","",""
"605","Sun, Mar 11, 2012","Box Score","Golden State Warriors","97","Los Angeles Clippers","93","",""
"606","Sun, Mar 11, 2012","Box Score","Boston Celtics","94","Los Angeles Lakers","97","",""
"607","Sun, Mar 11, 2012","Box Score","Philadelphia 76ers","106","New York Knicks","94","",""
"608","Sun, Mar 11, 2012","Box Score","Indiana Pacers","94","Orlando Magic","107","",""
"609","Sun, Mar 11, 2012","Box Score","Atlanta Hawks","106","Sacramento Kings","99","",""
"610","Sun, Mar 11, 2012","Box Score","Milwaukee Bucks","105","Toronto Raptors","99","",""
"611","Mon, Mar 12, 2012","Box Score","New York Knicks","99","Chicago Bulls","104","",""
"612","Mon, Mar 12, 2012","Box Score","Boston Celtics","94","Los Angeles Clippers","85","",""
"613","Mon, Mar 12, 2012","Box Score","Milwaukee Bucks","105","New Jersey Nets","99","",""
"614","Mon, Mar 12, 2012","Box Score","Charlotte Bobcats","73","New Orleans Hornets","71","",""
"615","Mon, Mar 12, 2012","Box Score","Minnesota Timberwolves","127","Phoenix Suns","124","",""
"616","Mon, Mar 12, 2012","Box Score","Washington Wizards","97","San Antonio Spurs","112","",""
"617","Mon, Mar 12, 2012","Box Score","Detroit Pistons","90","Utah Jazz","105","",""
"618","Tue, Mar 13, 2012","Box Score","Toronto Raptors","96","Cleveland Cavaliers","88","",""
"619","Tue, Mar 13, 2012","Box Score","Washington Wizards","98","Dallas Mavericks","107","",""
"620","Tue, Mar 13, 2012","Box Score","Atlanta Hawks","117","Denver Nuggets","118","OT",""
"621","Tue, Mar 13, 2012","Box Score","Portland Trail Blazers","75","Indiana Pacers","92","",""
"622","Tue, Mar 13, 2012","Box Score","Los Angeles Lakers","116","Memphis Grizzlies","111","2OT",""
"623","Tue, Mar 13, 2012","Box Score","Houston Rockets","104","Oklahoma City Thunder","103","",""
"624","Tue, Mar 13, 2012","Box Score","Miami Heat","98","Orlando Magic","104","OT",""
"625","Tue, Mar 13, 2012","Box Score","Golden State Warriors","115","Sacramento Kings","89","",""
"626","Wed, Mar 14, 2012","Box Score","Miami Heat","102","Chicago Bulls","106","",""
"627","Wed, Mar 14, 2012","Box Score","Boston Celtics","105","Golden State Warriors","103","",""
"628","Wed, Mar 14, 2012","Box Score","Charlotte Bobcats","87","Houston Rockets","107","",""
"629","Wed, Mar 14, 2012","Box Score","Philadelphia 76ers","94","Indiana Pacers","111","",""
"630","Wed, Mar 14, 2012","Box Score","Atlanta Hawks","82","Los Angeles Clippers","96","",""
"631","Wed, Mar 14, 2012","Box Score","Cleveland Cavaliers","105","Milwaukee Bucks","115","",""
"632","Wed, Mar 14, 2012","Box Score","Toronto Raptors","84","New Jersey Nets","98","",""
"633","Wed, Mar 14, 2012","Box Score","Los Angeles Lakers","107","New Orleans Hornets","101","OT",""
"634","Wed, Mar 14, 2012","Box Score","Portland Trail Blazers","79","New York Knicks","121","",""
"635","Wed, Mar 14, 2012","Box Score","Utah Jazz","111","Phoenix Suns","120","",""
"636","Wed, Mar 14, 2012","Box Score","Detroit Pistons","124","Sacramento Kings","112","",""
"637","Wed, Mar 14, 2012","Box Score","Orlando Magic","111","San Antonio Spurs","122","",""
"638","Thu, Mar 15, 2012","Box Score","Charlotte Bobcats","96","Dallas Mavericks","101","",""
"639","Thu, Mar 15, 2012","Box Score","Oklahoma City Thunder","103","Denver Nuggets","90","",""
"640","Thu, Mar 15, 2012","Box Score","Phoenix Suns","91","Los Angeles Clippers","87","",""
"641","Thu, Mar 15, 2012","Box Score","Washington Wizards","99","New Orleans Hornets","89","",""
"642","Thu, Mar 15, 2012","Box Score","Minnesota Timberwolves","105","Utah Jazz","111","OT",""
"643","Fri, Mar 16, 2012","Box Score","Washington Wizards","88","Atlanta Hawks","102","",""
"644","Fri, Mar 16, 2012","Box Score","Portland Trail Blazers","100","Chicago Bulls","89","",""
"645","Fri, Mar 16, 2012","Box Score","Milwaukee Bucks","120","Golden State Warriors","98","",""
"646","Fri, Mar 16, 2012","Box Score","Minnesota Timberwolves","92","Los Angeles Lakers","97","",""
"647","Fri, Mar 16, 2012","Box Score","Toronto Raptors","114","Memphis Grizzlies","110","OT",""
"648","Fri, Mar 16, 2012","Box Score","Indiana Pacers","100","New York Knicks","115","",""
"649","Fri, Mar 16, 2012","Box Score","San Antonio Spurs","114","Oklahoma City Thunder","105","",""
"650","Fri, Mar 16, 2012","Box Score","New Jersey Nets","70","Orlando Magic","86","",""
"651","Fri, Mar 16, 2012","Box Score","Miami Heat","84","Philadelphia 76ers","78","",""
"652","Fri, Mar 16, 2012","Box Score","Detroit Pistons","101","Phoenix Suns","109","",""
"653","Fri, Mar 16, 2012","Box Score","Boston Celtics","95","Sacramento Kings","120","",""
"654","Sat, Mar 17, 2012","Box Score","Toronto Raptors","103","Charlotte Bobcats","107","",""
"655","Sat, Mar 17, 2012","Box Score","Philadelphia 76ers","80","Chicago Bulls","89","",""
"656","Sat, Mar 17, 2012","Box Score","San Antonio Spurs","99","Dallas Mavericks","106","",""
"657","Sat, Mar 17, 2012","Box Score","Boston Celtics","91","Denver Nuggets","98","",""
"658","Sat, Mar 17, 2012","Box Score","New York Knicks","102","Indiana Pacers","88","",""
"659","Sat, Mar 17, 2012","Box Score","Houston Rockets","91","Los Angeles Clippers","95","",""
"660","Sat, Mar 17, 2012","Box Score","New Orleans Hornets","102","New Jersey Nets","94","",""
"661","Sat, Mar 17, 2012","Box Score","Golden State Warriors","92","Utah Jazz","99","OT",""
"662","Sun, Mar 18, 2012","Box Score","Atlanta Hawks","103","Cleveland Cavaliers","87","",""
"663","Sun, Mar 18, 2012","Box Score","Detroit Pistons","83","Los Angeles Clippers","87","OT",""
"664","Sun, Mar 18, 2012","Box Score","Utah Jazz","103","Los Angeles Lakers","99","",""
"665","Sun, Mar 18, 2012","Box Score","Washington Wizards","92","Memphis Grizzlies","97","",""
"666","Sun, Mar 18, 2012","Box Score","Orlando Magic","81","Miami Heat","91","",""
"667","Sun, Mar 18, 2012","Box Score","Portland Trail Blazers","95","Oklahoma City Thunder","111","",""
"668","Sun, Mar 18, 2012","Box Score","Houston Rockets","86","Phoenix Suns","99","",""
"669","Sun, Mar 18, 2012","Box Score","Minnesota Timberwolves","99","Sacramento Kings","115","",""
"670","Mon, Mar 19, 2012","Box Score","Boston Celtics","79","Atlanta Hawks","76","",""
"671","Mon, Mar 19, 2012","Box Score","Philadelphia 76ers","105","Charlotte Bobcats","80","",""
"672","Mon, Mar 19, 2012","Box Score","Dallas Mavericks","112","Denver Nuggets","95","",""
"673","Mon, Mar 19, 2012","Box Score","Minnesota Timberwolves","97","Golden State Warriors","93","",""
"674","Mon, Mar 19, 2012","Box Score","Cleveland Cavaliers","105","New Jersey Nets","100","",""
"675","Mon, Mar 19, 2012","Box Score","Chicago Bulls","85","Orlando Magic","59","",""
"676","Tue, Mar 20, 2012","Box Score","Los Angeles Lakers","104","Houston Rockets","107","",""
"677","Tue, Mar 20, 2012","Box Score","Los Angeles Clippers","89","Indiana Pacers","102","",""
"678","Tue, Mar 20, 2012","Box Score","Phoenix Suns","95","Miami Heat","99","",""
"679","Tue, Mar 20, 2012","Box Score","Toronto Raptors","87","New York Knicks","106","",""
"680","Tue, Mar 20, 2012","Box Score","Milwaukee Bucks","116","Portland Trail Blazers","87","",""
"681","Tue, Mar 20, 2012","Box Score","Memphis Grizzlies","110","Sacramento Kings","119","",""
"682","Tue, Mar 20, 2012","Box Score","Oklahoma City Thunder","90","Utah Jazz","97","",""
"683","Wed, Mar 21, 2012","Box Score","Cleveland Cavaliers","102","Atlanta Hawks","103","OT",""
"684","Wed, Mar 21, 2012","Box Score","Los Angeles Lakers","109","Dallas Mavericks","93","",""
"685","Wed, Mar 21, 2012","Box Score","Detroit Pistons","115","Denver Nuggets","116","",""
"686","Wed, Mar 21, 2012","Box Score","Washington Wizards","108","New Jersey Nets","89","",""
"687","Wed, Mar 21, 2012","Box Score","Golden State Warriors","101","New Orleans Hornets","92","",""
"688","Wed, Mar 21, 2012","Box Score","Los Angeles Clippers","91","Oklahoma City Thunder","114","",""
"689","Wed, Mar 21, 2012","Box Score","Phoenix Suns","93","Orlando Magic","103","",""
"690","Wed, Mar 21, 2012","Box Score","New York Knicks","82","Philadelphia 76ers","79","",""
"691","Wed, Mar 21, 2012","Box Score","Minnesota Timberwolves","100","San Antonio Spurs","116","",""
"692","Wed, Mar 21, 2012","Box Score","Chicago Bulls","94","Toronto Raptors","82","",""
"693","Thu, Mar 22, 2012","Box Score","Golden State Warriors","83","Houston Rockets","109","",""
"694","Thu, Mar 22, 2012","Box Score","Boston Celtics","100","Milwaukee Bucks","91","",""
"695","Thu, Mar 22, 2012","Box Score","Los Angeles Clippers","90","New Orleans Hornets","97","",""
"696","Thu, Mar 22, 2012","Box Score","Memphis Grizzlies","93","Portland Trail Blazers","97","",""
"697","Thu, Mar 22, 2012","Box Score","Utah Jazz","103","Sacramento Kings","102","",""
"698","Thu, Mar 22, 2012","Box Score","Indiana Pacers","85","Washington Wizards","83","",""
"699","Fri, Mar 23, 2012","Box Score","New Jersey Nets","84","Atlanta Hawks","93","",""
"700","Fri, Mar 23, 2012","Box Score","Milwaukee Bucks","112","Charlotte Bobcats","92","",""
"701","Fri, Mar 23, 2012","Box Score","Miami Heat","88","Detroit Pistons","73","",""
"702","Fri, Mar 23, 2012","Box Score","Phoenix Suns","113","Indiana Pacers","111","",""
"703","Fri, Mar 23, 2012","Box Score","Portland Trail Blazers","96","Los Angeles Lakers","103","",""
"704","Fri, Mar 23, 2012","Box Score","Minnesota Timberwolves","140","Oklahoma City Thunder","149","2OT",""
"705","Fri, Mar 23, 2012","Box Score","Cleveland Cavaliers","80","Orlando Magic","93","",""
"706","Fri, Mar 23, 2012","Box Score","Boston Celtics","86","Philadelphia 76ers","99","",""
"707","Fri, Mar 23, 2012","Box Score","Dallas Mavericks","87","San Antonio Spurs","104","",""
"708","Fri, Mar 23, 2012","Box Score","New York Knicks","79","Toronto Raptors","96","",""
"709","Fri, Mar 23, 2012","Box Score","Denver Nuggets","102","Utah Jazz","121","",""
"710","Sat, Mar 24, 2012","Box Score","Toronto Raptors","101","Chicago Bulls","102","OT",""
"711","Sat, Mar 24, 2012","Box Score","Sacramento Kings","108","Golden State Warriors","111","",""
"712","Sat, Mar 24, 2012","Box Score","Dallas Mavericks","101","Houston Rockets","99","OT",""
"713","Sat, Mar 24, 2012","Box Score","Memphis Grizzlies","85","Los Angeles Clippers","101","",""
"714","Sat, Mar 24, 2012","Box Score","Indiana Pacers","125","Milwaukee Bucks","104","",""
"715","Sat, Mar 24, 2012","Box Score","Charlotte Bobcats","89","New Jersey Nets","102","",""
"716","Sat, Mar 24, 2012","Box Score","San Antonio Spurs","89","New Orleans Hornets","86","",""
"717","Sat, Mar 24, 2012","Box Score","Detroit Pistons","79","New York Knicks","101","",""
"718","Sat, Mar 24, 2012","Box Score","Atlanta Hawks","95","Washington Wizards","92","",""
"719","Sun, Mar 25, 2012","Box Score","Utah Jazz","133","Atlanta Hawks","139","4OT",""
"720","Sun, Mar 25, 2012","Box Score","Washington Wizards","76","Boston Celtics","88","",""
"721","Sun, Mar 25, 2012","Box Score","Phoenix Suns","108","Cleveland Cavaliers","83","",""
"722","Sun, Mar 25, 2012","Box Score","Memphis Grizzlies","102","Los Angeles Lakers","96","",""
"723","Sun, Mar 25, 2012","Box Score","Denver Nuggets","100","Minnesota Timberwolves","117","",""
"724","Sun, Mar 25, 2012","Box Score","Miami Heat","87","Oklahoma City Thunder","103","",""
"725","Sun, Mar 25, 2012","Box Score","Golden State Warriors","87","Portland Trail Blazers","90","",""
"726","Sun, Mar 25, 2012","Box Score","Philadelphia 76ers","76","San Antonio Spurs","93","",""
"727","Mon, Mar 26, 2012","Box Score","Boston Celtics","102","Charlotte Bobcats","95","",""
"728","Mon, Mar 26, 2012","Box Score","Denver Nuggets","108","Chicago Bulls","91","",""
"729","Mon, Mar 26, 2012","Box Score","Sacramento Kings","106","Houston Rockets","113","OT",""
"730","Mon, Mar 26, 2012","Box Score","Miami Heat","90","Indiana Pacers","105","",""
"731","Mon, Mar 26, 2012","Box Score","New Orleans Hornets","85","Los Angeles Clippers","97","",""
"732","Mon, Mar 26, 2012","Box Score","Utah Jazz","105","New Jersey Nets","84","",""
"733","Mon, Mar 26, 2012","Box Score","Milwaukee Bucks","80","New York Knicks","89","",""
"734","Mon, Mar 26, 2012","Box Score","Orlando Magic","117","Toronto Raptors","101","",""
"735","Mon, Mar 26, 2012","Box Score","Detroit Pistons","79","Washington Wizards","77","",""
"736","Tue, Mar 27, 2012","Box Score","Houston Rockets","81","Dallas Mavericks","90","",""
"737","Tue, Mar 27, 2012","Box Score","Los Angeles Lakers","104","Golden State Warriors","101","",""
"738","Tue, Mar 27, 2012","Box Score","Minnesota Timberwolves","86","Memphis Grizzlies","93","",""
"739","Tue, Mar 27, 2012","Box Score","Atlanta Hawks","101","Milwaukee Bucks","108","",""
"740","Tue, Mar 27, 2012","Box Score","Cleveland Cavaliers","85","Philadelphia 76ers","103","",""
"741","Tue, Mar 27, 2012","Box Score","San Antonio Spurs","107","Phoenix Suns","100","",""
"742","Tue, Mar 27, 2012","Box Score","Oklahoma City Thunder","109","Portland Trail Blazers","95","",""
"743","Wed, Mar 28, 2012","Box Score","Chicago Bulls","98","Atlanta Hawks","77","",""
"744","Wed, Mar 28, 2012","Box Score","Utah Jazz","82","Boston Celtics","94","",""
"745","Wed, Mar 28, 2012","Box Score","Minnesota Timberwolves","88","Charlotte Bobcats","83","",""
"746","Wed, Mar 28, 2012","Box Score","Detroit Pistons","87","Cleveland Cavaliers","75","",""
"747","Wed, Mar 28, 2012","Box Score","New Orleans Hornets","102","Golden State Warriors","87","",""
"748","Wed, Mar 28, 2012","Box Score","Phoenix Suns","86","Los Angeles Clippers","103","",""
"749","Wed, Mar 28, 2012","Box Score","Indiana Pacers","84","New Jersey Nets","100","",""
"750","Wed, Mar 28, 2012","Box Score","Orlando Magic","86","New York Knicks","108","",""
"751","Wed, Mar 28, 2012","Box Score","San Antonio Spurs","117","Sacramento Kings","112","",""
"752","Wed, Mar 28, 2012","Box Score","Denver Nuggets","96","Toronto Raptors","105","",""
"753","Thu, Mar 29, 2012","Box Score","Washington Wizards","89","Indiana Pacers","93","",""
"754","Thu, Mar 29, 2012","Box Score","Oklahoma City Thunder","102","Los Angeles Lakers","93","",""
"755","Thu, Mar 29, 2012","Box Score","Dallas Mavericks","85","Miami Heat","106","",""
"756","Thu, Mar 29, 2012","Box Score","New Orleans Hornets","93","Portland Trail Blazers","99","",""
"757","Fri, Mar 30, 2012","Box Score","New York Knicks","90","Atlanta Hawks","100","",""
"758","Fri, Mar 30, 2012","Box Score","Denver Nuggets","99","Charlotte Bobcats","88","",""
"759","Fri, Mar 30, 2012","Box Score","Detroit Pistons","71","Chicago Bulls","83","",""
"760","Fri, Mar 30, 2012","Box Score","Milwaukee Bucks","121","Cleveland Cavaliers","84","",""
"761","Fri, Mar 30, 2012","Box Score","New Jersey Nets","102","Golden State Warriors","100","",""
"762","Fri, Mar 30, 2012","Box Score","Memphis Grizzlies","89","Houston Rockets","98","",""
"763","Fri, Mar 30, 2012","Box Score","Portland Trail Blazers","97","Los Angeles Clippers","98","",""
"764","Fri, Mar 30, 2012","Box Score","Boston Celtics","100","Minnesota Timberwolves","79","",""
"765","Fri, Mar 30, 2012","Box Score","Dallas Mavericks","100","Orlando Magic","98","",""
"766","Fri, Mar 30, 2012","Box Score","Miami Heat","113","Toronto Raptors","101","",""
"767","Fri, Mar 30, 2012","Box Score","Sacramento Kings","104","Utah Jazz","103","",""
"768","Fri, Mar 30, 2012","Box Score","Philadelphia 76ers","76","Washington Wizards","97","",""
"769","Sat, Mar 31, 2012","Box Score","Charlotte Bobcats","107","Detroit Pistons","110","OT",""
"770","Sat, Mar 31, 2012","Box Score","Utah Jazz","96","Los Angeles Clippers","105","",""
"771","Sat, Mar 31, 2012","Box Score","New Orleans Hornets","85","Los Angeles Lakers","88","",""
"772","Sat, Mar 31, 2012","Box Score","Memphis Grizzlies","99","Milwaukee Bucks","95","",""
"773","Sat, Mar 31, 2012","Box Score","Cleveland Cavaliers","75","New York Knicks","91","",""
"774","Sat, Mar 31, 2012","Box Score","Atlanta Hawks","90","Philadelphia 76ers","95","",""
"775","Sat, Mar 31, 2012","Box Score","New Jersey Nets","111","Sacramento Kings","99","",""
"776","Sat, Mar 31, 2012","Box Score","Indiana Pacers","103","San Antonio Spurs","112","",""
"777","Sun, Apr 1, 2012","Box Score","Miami Heat","72","Boston Celtics","91","",""
"778","Sun, Apr 1, 2012","Box Score","Indiana Pacers","104","Houston Rockets","102","OT",""
"779","Sun, Apr 1, 2012","Box Score","Golden State Warriors","112","Los Angeles Lakers","120","",""
"780","Sun, Apr 1, 2012","Box Score","Chicago Bulls","78","Oklahoma City Thunder","92","",""
"781","Sun, Apr 1, 2012","Box Score","Denver Nuggets","104","Orlando Magic","101","",""
"782","Sun, Apr 1, 2012","Box Score","New Orleans Hornets","75","Phoenix Suns","92","",""
"783","Sun, Apr 1, 2012","Box Score","Minnesota Timberwolves","106","Portland Trail Blazers","119","",""
"784","Sun, Apr 1, 2012","Box Score","Washington Wizards","92","Toronto Raptors","99","",""
"785","Mon, Apr 2, 2012","Box Score","Houston Rockets","99","Chicago Bulls","93","",""
"786","Mon, Apr 2, 2012","Box Score","Los Angeles Clippers","94","Dallas Mavericks","75","",""
"787","Mon, Apr 2, 2012","Box Score","Memphis Grizzlies","94","Oklahoma City Thunder","88","",""
"788","Mon, Apr 2, 2012","Box Score","Utah Jazz","102","Portland Trail Blazers","97","",""
"789","Mon, Apr 2, 2012","Box Score","Minnesota Timberwolves","108","Sacramento Kings","116","",""
"790","Mon, Apr 2, 2012","Box Score","Milwaukee Bucks","112","Washington Wizards","98","",""
"791","Tue, Apr 3, 2012","Box Score","San Antonio Spurs","125","Cleveland Cavaliers","90","",""
"792","Tue, Apr 3, 2012","Box Score","Orlando Magic","95","Detroit Pistons","102","",""
"793","Tue, Apr 3, 2012","Box Score","New York Knicks","104","Indiana Pacers","112","",""
"794","Tue, Apr 3, 2012","Box Score","New Jersey Nets","87","Los Angeles Lakers","91","",""
"795","Tue, Apr 3, 2012","Box Score","Golden State Warriors","94","Memphis Grizzlies","98","",""
"796","Tue, Apr 3, 2012","Box Score","Philadelphia 76ers","93","Miami Heat","99","",""
"797","Tue, Apr 3, 2012","Box Score","Phoenix Suns","109","Sacramento Kings","100","",""
"798","Tue, Apr 3, 2012","Box Score","Charlotte Bobcats","87","Toronto Raptors","92","",""
"799","Wed, Apr 4, 2012","Box Score","Charlotte Bobcats","93","Atlanta Hawks","120","",""
"800","Wed, Apr 4, 2012","Box Score","San Antonio Spurs","87","Boston Celtics","86","",""
"801","Wed, Apr 4, 2012","Box Score","Memphis Grizzlies","85","Dallas Mavericks","95","",""
"802","Wed, Apr 4, 2012","Box Score","Los Angeles Lakers","113","Los Angeles Clippers","108","",""
"803","Wed, Apr 4, 2012","Box Score","Oklahoma City Thunder","93","Miami Heat","98","",""
"804","Wed, Apr 4, 2012","Box Score","Cleveland Cavaliers","98","Milwaukee Bucks","107","",""
"805","Wed, Apr 4, 2012","Box Score","Golden State Warriors","97","Minnesota Timberwolves","94","",""
"806","Wed, Apr 4, 2012","Box Score","Denver Nuggets","92","New Orleans Hornets","94","",""
"807","Wed, Apr 4, 2012","Box Score","Toronto Raptors","99","Philadelphia 76ers","78","",""
"808","Wed, Apr 4, 2012","Box Score","New Jersey Nets","88","Portland Trail Blazers","101","",""
"809","Wed, Apr 4, 2012","Box Score","Phoenix Suns","107","Utah Jazz","105","",""
"810","Wed, Apr 4, 2012","Box Score","Indiana Pacers","109","Washington Wizards","96","",""
"811","Thu, Apr 5, 2012","Box Score","Boston Celtics","86","Chicago Bulls","93","",""
"812","Thu, Apr 5, 2012","Box Score","Washington Wizards","94","Detroit Pistons","99","",""
"813","Thu, Apr 5, 2012","Box Score","New York Knicks","96","Orlando Magic","80","",""
"814","Thu, Apr 5, 2012","Box Score","Los Angeles Clippers","93","Sacramento Kings","85","",""
"815","Fri, Apr 6, 2012","Box Score","Detroit Pistons","96","Atlanta Hawks","101","",""
"816","Fri, Apr 6, 2012","Box Score","Portland Trail Blazers","99","Dallas Mavericks","97","OT",""
"817","Fri, Apr 6, 2012","Box Score","Phoenix Suns","99","Denver Nuggets","105","",""
"818","Fri, Apr 6, 2012","Box Score","Oklahoma City Thunder","98","Indiana Pacers","103","",""
"819","Fri, Apr 6, 2012","Box Score","Houston Rockets","112","Los Angeles Lakers","107","",""
"820","Fri, Apr 6, 2012","Box Score","Memphis Grizzlies","97","Miami Heat","82","",""
"821","Fri, Apr 6, 2012","Box Score","Charlotte Bobcats","90","Milwaukee Bucks","95","",""
"822","Fri, Apr 6, 2012","Box Score","Washington Wizards","98","New Jersey Nets","110","",""
"823","Fri, Apr 6, 2012","Box Score","New Orleans Hornets","103","San Antonio Spurs","128","",""
"824","Fri, Apr 6, 2012","Box Score","Cleveland Cavaliers","84","Toronto Raptors","80","",""
"825","Fri, Apr 6, 2012","Box Score","Golden State Warriors","98","Utah Jazz","104","",""
"826","Sat, Apr 7, 2012","Box Score","Atlanta Hawks","116","Charlotte Bobcats","96","",""
"827","Sat, Apr 7, 2012","Box Score","Denver Nuggets","97","Golden State Warriors","112","",""
"828","Sat, Apr 7, 2012","Box Score","Boston Celtics","86","Indiana Pacers","72","",""
"829","Sat, Apr 7, 2012","Box Score","Sacramento Kings","94","Los Angeles Clippers","109","",""
"830","Sat, Apr 7, 2012","Box Score","Dallas Mavericks","89","Memphis Grizzlies","94","",""
"831","Sat, Apr 7, 2012","Box Score","Portland Trail Blazers","94","Milwaukee Bucks","116","",""
"832","Sat, Apr 7, 2012","Box Score","Minnesota Timberwolves","90","New Orleans Hornets","99","",""
"833","Sat, Apr 7, 2012","Box Score","Orlando Magic","88","Philadelphia 76ers","82","",""
"834","Sat, Apr 7, 2012","Box Score","Los Angeles Lakers","105","Phoenix Suns","125","",""
"835","Sun, Apr 8, 2012","Box Score","Philadelphia 76ers","79","Boston Celtics","103","",""
"836","Sun, Apr 8, 2012","Box Score","Detroit Pistons","75","Miami Heat","98","",""
"837","Sun, Apr 8, 2012","Box Score","Cleveland Cavaliers","117","New Jersey Nets","122","OT",""
"838","Sun, Apr 8, 2012","Box Score","Chicago Bulls","99","New York Knicks","100","OT",""
"839","Sun, Apr 8, 2012","Box Score","Toronto Raptors","75","Oklahoma City Thunder","91","",""
"840","Sun, Apr 8, 2012","Box Score","Houston Rockets","104","Sacramento Kings","87","",""
"841","Sun, Apr 8, 2012","Box Score","Utah Jazz","104","San Antonio Spurs","114","",""
"842","Mon, Apr 9, 2012","Box Score","Washington Wizards","113","Charlotte Bobcats","85","",""
"843","Mon, Apr 9, 2012","Box Score","Golden State Warriors","84","Denver Nuggets","123","",""
"844","Mon, Apr 9, 2012","Box Score","Toronto Raptors","98","Indiana Pacers","103","",""
"845","Mon, Apr 9, 2012","Box Score","Los Angeles Clippers","85","Memphis Grizzlies","94","",""
"846","Mon, Apr 9, 2012","Box Score","Oklahoma City Thunder","109","Milwaukee Bucks","89","",""
"847","Mon, Apr 9, 2012","Box Score","Phoenix Suns","114","Minnesota Timberwolves","90","",""
"848","Mon, Apr 9, 2012","Box Score","Los Angeles Lakers","93","New Orleans Hornets","91","",""
"849","Mon, Apr 9, 2012","Box Score","Detroit Pistons","89","Orlando Magic","119","",""
"850","Mon, Apr 9, 2012","Box Score","Houston Rockets","94","Portland Trail Blazers","89","",""
"851","Mon, Apr 9, 2012","Box Score","San Antonio Spurs","84","Utah Jazz","91","",""
"852","Tue, Apr 10, 2012","Box Score","New York Knicks","86","Chicago Bulls","98","",""
"853","Tue, Apr 10, 2012","Box Score","Charlotte Bobcats","90","Cleveland Cavaliers","103","",""
"854","Tue, Apr 10, 2012","Box Score","Sacramento Kings","100","Dallas Mavericks","110","",""
"855","Tue, Apr 10, 2012","Box Score","Boston Celtics","115","Miami Heat","107","",""
"856","Tue, Apr 10, 2012","Box Score","Philadelphia 76ers","107","New Jersey Nets","88","",""
"857","Tue, Apr 10, 2012","Box Score","Orlando Magic","85","Washington Wizards","93","",""
"858","Wed, Apr 11, 2012","Box Score","Atlanta Hawks","86","Boston Celtics","88","OT",""
"859","Wed, Apr 11, 2012","Box Score","Indiana Pacers","104","Cleveland Cavaliers","98","OT",""
"860","Wed, Apr 11, 2012","Box Score","Minnesota Timberwolves","107","Denver Nuggets","113","",""
"861","Wed, Apr 11, 2012","Box Score","Utah Jazz","103","Houston Rockets","91","",""
"862","Wed, Apr 11, 2012","Box Score","Phoenix Suns","93","Memphis Grizzlies","104","",""
"863","Wed, Apr 11, 2012","Box Score","New York Knicks","111","Milwaukee Bucks","107","",""
"864","Wed, Apr 11, 2012","Box Score","Sacramento Kings","96","New Orleans Hornets","105","",""
"865","Wed, Apr 11, 2012","Box Score","Los Angeles Clippers","100","Oklahoma City Thunder","98","",""
"866","Wed, Apr 11, 2012","Box Score","Golden State Warriors","110","Portland Trail Blazers","118","",""
"867","Wed, Apr 11, 2012","Box Score","Los Angeles Lakers","98","San Antonio Spurs","84","",""
"868","Wed, Apr 11, 2012","Box Score","Philadelphia 76ers","93","Toronto Raptors","75","",""
"869","Thu, Apr 12, 2012","Box Score","Detroit Pistons","109","Charlotte Bobcats","85","",""
"870","Thu, Apr 12, 2012","Box Score","Miami Heat","86","Chicago Bulls","96","OT",""
"871","Thu, Apr 12, 2012","Box Score","Dallas Mavericks","112","Golden State Warriors","103","",""
"872","Thu, Apr 12, 2012","Box Score","Los Angeles Clippers","95","Minnesota Timberwolves","82","",""
"873","Thu, Apr 12, 2012","Box Score","Memphis Grizzlies","97","San Antonio Spurs","107","",""
"874","Fri, Apr 13, 2012","Box Score","Milwaukee Bucks","113","Detroit Pistons","97","",""
"875","Fri, Apr 13, 2012","Box Score","Phoenix Suns","112","Houston Rockets","105","",""
"876","Fri, Apr 13, 2012","Box Score","Cleveland Cavaliers","83","Indiana Pacers","102","",""
"877","Fri, Apr 13, 2012","Box Score","Denver Nuggets","97","Los Angeles Lakers","103","",""
"878","Fri, Apr 13, 2012","Box Score","Charlotte Bobcats","82","Miami Heat","105","",""
"879","Fri, Apr 13, 2012","Box Score","Utah Jazz","85","New Orleans Hornets","96","",""
"880","Fri, Apr 13, 2012","Box Score","Washington Wizards","65","New York Knicks","103","",""
"881","Fri, Apr 13, 2012","Box Score","Sacramento Kings","89","Oklahoma City Thunder","115","",""
"882","Fri, Apr 13, 2012","Box Score","Atlanta Hawks","109","Orlando Magic","81","",""
"883","Fri, Apr 13, 2012","Box Score","New Jersey Nets","95","Philadelphia 76ers","89","",""
"884","Fri, Apr 13, 2012","Box Score","Dallas Mavericks","97","Portland Trail Blazers","94","",""
"885","Fri, Apr 13, 2012","Box Score","Boston Celtics","79","Toronto Raptors","84","",""
"886","Sat, Apr 14, 2012","Box Score","Golden State Warriors","104","Los Angeles Clippers","112","",""
"887","Sat, Apr 14, 2012","Box Score","Utah Jazz","98","Memphis Grizzlies","103","",""
"888","Sat, Apr 14, 2012","Box Score","Indiana Pacers","105","Milwaukee Bucks","99","",""
"889","Sat, Apr 14, 2012","Box Score","Oklahoma City Thunder","115","Minnesota Timberwolves","110","",""
"890","Sat, Apr 14, 2012","Box Score","Boston Celtics","94","New Jersey Nets","82","",""
"891","Sat, Apr 14, 2012","Box Score","Phoenix Suns","91","San Antonio Spurs","105","",""
"892","Sat, Apr 14, 2012","Box Score","Cleveland Cavaliers","98","Washington Wizards","89","",""
"893","Sun, Apr 15, 2012","Box Score","Toronto Raptors","102","Atlanta Hawks","86","",""
"894","Sun, Apr 15, 2012","Box Score","Boston Celtics","94","Charlotte Bobcats","82","",""
"895","Sun, Apr 15, 2012","Box Score","Orlando Magic","100","Cleveland Cavaliers","84","",""
"896","Sun, Apr 15, 2012","Box Score","Houston Rockets","86","Denver Nuggets","101","",""
"897","Sun, Apr 15, 2012","Box Score","Chicago Bulls","100","Detroit Pistons","94","OT",""
"898","Sun, Apr 15, 2012","Box Score","Dallas Mavericks","108","Los Angeles Lakers","112","OT",""
"899","Sun, Apr 15, 2012","Box Score","Memphis Grizzlies","75","New Orleans Hornets","88","",""
"900","Sun, Apr 15, 2012","Box Score","Miami Heat","93","New York Knicks","85","",""
"901","Sun, Apr 15, 2012","Box Score","Portland Trail Blazers","103","Sacramento Kings","104","",""
"902","Mon, Apr 16, 2012","Box Score","New Orleans Hornets","75","Charlotte Bobcats","67","",""
"903","Mon, Apr 16, 2012","Box Score","Washington Wizards","87","Chicago Bulls","84","",""
"904","Mon, Apr 16, 2012","Box Score","San Antonio Spurs","120","Golden State Warriors","99","",""
"905","Mon, Apr 16, 2012","Box Score","Denver Nuggets","105","Houston Rockets","102","",""
"906","Mon, Apr 16, 2012","Box Score","Minnesota Timberwolves","88","Indiana Pacers","111","",""
"907","Mon, Apr 16, 2012","Box Score","Oklahoma City Thunder","77","Los Angeles Clippers","92","",""
"908","Mon, Apr 16, 2012","Box Score","Miami Heat","101","New Jersey Nets","98","",""
"909","Mon, Apr 16, 2012","Box Score","Philadelphia 76ers","100","Orlando Magic","113","",""
"910","Mon, Apr 16, 2012","Box Score","Portland Trail Blazers","107","Phoenix Suns","125","",""
"911","Mon, Apr 16, 2012","Box Score","Atlanta Hawks","109","Toronto Raptors","87","",""
"912","Mon, Apr 16, 2012","Box Score","Dallas Mavericks","121","Utah Jazz","123","3OT",""
"913","Tue, Apr 17, 2012","Box Score","Cleveland Cavaliers","77","Detroit Pistons","116","",""
"914","Tue, Apr 17, 2012","Box Score","San Antonio Spurs","112","Los Angeles Lakers","91","",""
"915","Tue, Apr 17, 2012","Box Score","Memphis Grizzlies","91","Minnesota Timberwolves","84","",""
"916","Tue, Apr 17, 2012","Box Score","Boston Celtics","110","New York Knicks","118","",""
"917","Tue, Apr 17, 2012","Box Score","Indiana Pacers","102","Philadelphia 76ers","97","",""
"918","Wed, Apr 18, 2012","Box Score","Detroit Pistons","84","Atlanta Hawks","116","",""
"919","Wed, Apr 18, 2012","Box Score","Orlando Magic","98","Boston Celtics","102","",""
"920","Wed, Apr 18, 2012","Box Score","Chicago Bulls","100","Charlotte Bobcats","68","",""
"921","Wed, Apr 18, 2012","Box Score","Philadelphia 76ers","103","Cleveland Cavaliers","87","",""
"922","Wed, Apr 18, 2012","Box Score","Houston Rockets","110","Dallas Mavericks","117","",""
"923","Wed, Apr 18, 2012","Box Score","Los Angeles Clippers","104","Denver Nuggets","98","",""
"924","Wed, Apr 18, 2012","Box Score","Los Angeles Lakers","99","Golden State Warriors","87","",""
"925","Wed, Apr 18, 2012","Box Score","New Orleans Hornets","91","Memphis Grizzlies","103","",""
"926","Wed, Apr 18, 2012","Box Score","Toronto Raptors","72","Miami Heat","96","",""
"927","Wed, Apr 18, 2012","Box Score","New York Knicks","104","New Jersey Nets","95","",""
"928","Wed, Apr 18, 2012","Box Score","Oklahoma City Thunder","109","Phoenix Suns","97","",""
"929","Wed, Apr 18, 2012","Box Score","Utah Jazz","112","Portland Trail Blazers","91","",""
"930","Wed, Apr 18, 2012","Box Score","San Antonio Spurs","127","Sacramento Kings","102","",""
"931","Wed, Apr 18, 2012","Box Score","Milwaukee Bucks","112","Washington Wizards","121","",""
"932","Thu, Apr 19, 2012","Box Score","Minnesota Timberwolves","91","Detroit Pistons","80","",""
"933","Thu, Apr 19, 2012","Box Score","Milwaukee Bucks","109","Indiana Pacers","118","",""
"934","Thu, Apr 19, 2012","Box Score","Chicago Bulls","72","Miami Heat","83","",""
"935","Thu, Apr 19, 2012","Box Score","Houston Rockets","99","New Orleans Hornets","105","OT",""
"936","Thu, Apr 19, 2012","Box Score","Los Angeles Clippers","90","Phoenix Suns","93","",""
"937","Fri, Apr 20, 2012","Box Score","Boston Celtics","92","Atlanta Hawks","97","",""
"938","Fri, Apr 20, 2012","Box Score","Memphis Grizzlies","85","Charlotte Bobcats","80","",""
"939","Fri, Apr 20, 2012","Box Score","New York Knicks","90","Cleveland Cavaliers","98","",""
"940","Fri, Apr 20, 2012","Box Score","Golden State Warriors","94","Dallas Mavericks","104","",""
"941","Fri, Apr 20, 2012","Box Score","Oklahoma City Thunder","103","Sacramento Kings","92","",""
"942","Fri, Apr 20, 2012","Box Score","Los Angeles Lakers","97","San Antonio Spurs","121","",""
"943","Sat, Apr 21, 2012","Box Score","Dallas Mavericks","83","Chicago Bulls","93","",""
"944","Sat, Apr 21, 2012","Box Score","Golden State Warriors","96","Houston Rockets","99","",""
"945","Sat, Apr 21, 2012","Box Score","Philadelphia 76ers","109","Indiana Pacers","106","OT",""
"946","Sat, Apr 21, 2012","Box Score","Portland Trail Blazers","89","Memphis Grizzlies","93","",""
"947","Sat, Apr 21, 2012","Box Score","Washington Wizards","86","Miami Heat","84","",""
"948","Sat, Apr 21, 2012","Box Score","New Jersey Nets","95","Milwaukee Bucks","106","",""
"949","Sat, Apr 21, 2012","Box Score","Denver Nuggets","118","Phoenix Suns","107","",""
"950","Sat, Apr 21, 2012","Box Score","Orlando Magic","107","Utah Jazz","117","OT",""
"951","Sun, Apr 22, 2012","Box Score","New York Knicks","113","Atlanta Hawks","112","",""
"952","Sun, Apr 22, 2012","Box Score","Sacramento Kings","114","Charlotte Bobcats","88","",""
"953","Sun, Apr 22, 2012","Box Score","Orlando Magic","74","Denver Nuggets","101","",""
"954","Sun, Apr 22, 2012","Box Score","Toronto Raptors","73","Detroit Pistons","76","",""
"955","Sun, Apr 22, 2012","Box Score","New Orleans Hornets","98","Los Angeles Clippers","107","",""
"956","Sun, Apr 22, 2012","Box Score","Oklahoma City Thunder","106","Los Angeles Lakers","114","2OT",""
"957","Sun, Apr 22, 2012","Box Score","Houston Rockets","88","Miami Heat","97","",""
"958","Sun, Apr 22, 2012","Box Score","Golden State Warriors","93","Minnesota Timberwolves","88","",""
"959","Sun, Apr 22, 2012","Box Score","Cleveland Cavaliers","98","San Antonio Spurs","114","",""
"960","Mon, Apr 23, 2012","Box Score","Detroit Pistons","97","Indiana Pacers","103","",""
"961","Mon, Apr 23, 2012","Box Score","Cleveland Cavaliers","101","Memphis Grizzlies","109","",""
"962","Mon, Apr 23, 2012","Box Score","Toronto Raptors","86","Milwaukee Bucks","92","",""
"963","Mon, Apr 23, 2012","Box Score","Philadelphia 76ers","105","New Jersey Nets","87","",""
"964","Mon, Apr 23, 2012","Box Score","Portland Trail Blazers","89","San Antonio Spurs","124","",""
"965","Mon, Apr 23, 2012","Box Score","Charlotte Bobcats","73","Washington Wizards","101","",""
"966","Tue, Apr 24, 2012","Box Score","Los Angeles Clippers","102","Atlanta Hawks","109","",""
"967","Tue, Apr 24, 2012","Box Score","Miami Heat","66","Boston Celtics","78","",""
"968","Tue, Apr 24, 2012","Box Score","New Orleans Hornets","83","Golden State Warriors","81","",""
"969","Tue, Apr 24, 2012","Box Score","Sacramento Kings","110","Oklahoma City Thunder","118","",""
"970","Tue, Apr 24, 2012","Box Score","Phoenix Suns","88","Utah Jazz","100","",""
"971","Wed, Apr 25, 2012","Box Score","Washington Wizards","96","Cleveland Cavaliers","85","",""
"972","Wed, Apr 25, 2012","Box Score","Chicago Bulls","92","Indiana Pacers","87","",""
"973","Wed, Apr 25, 2012","Box Score","Philadelphia 76ers","90","Milwaukee Bucks","85","",""
"974","Wed, Apr 25, 2012","Box Score","Los Angeles Clippers","93","New York Knicks","99","",""
"975","Wed, Apr 25, 2012","Box Score","Denver Nuggets","106","Oklahoma City Thunder","101","",""
"976","Wed, Apr 25, 2012","Box Score","Charlotte Bobcats","95","Orlando Magic","102","",""
"977","Wed, Apr 25, 2012","Box Score","San Antonio Spurs","110","Phoenix Suns","106","",""
"978","Thu, Apr 26, 2012","Box Score","Dallas Mavericks","89","Atlanta Hawks","106","",""
"979","Thu, Apr 26, 2012","Box Score","Milwaukee Bucks","74","Boston Celtics","87","",""
"980","Thu, Apr 26, 2012","Box Score","New York Knicks","104","Charlotte Bobcats","84","",""
"981","Thu, Apr 26, 2012","Box Score","Cleveland Cavaliers","75","Chicago Bulls","107","",""
"982","Thu, Apr 26, 2012","Box Score","Philadelphia 76ers","86","Detroit Pistons","108","",""
"983","Thu, Apr 26, 2012","Box Score","San Antonio Spurs","107","Golden State Warriors","101","",""
"984","Thu, Apr 26, 2012","Box Score","New Orleans Hornets","77","Houston Rockets","84","",""
"985","Thu, Apr 26, 2012","Box Score","Orlando Magic","76","Memphis Grizzlies","88","",""
"986","Thu, Apr 26, 2012","Box Score","Denver Nuggets","131","Minnesota Timberwolves","102","",""
"987","Thu, Apr 26, 2012","Box Score","Los Angeles Lakers","96","Sacramento Kings","113","",""
"988","Thu, Apr 26, 2012","Box Score","New Jersey Nets","67","Toronto Raptors","98","",""
"989","Thu, Apr 26, 2012","Box Score","Portland Trail Blazers","94","Utah Jazz","96","",""
"990","Thu, Apr 26, 2012","Box Score","Miami Heat","70","Washington Wizards","104","",""
